CLS,SUBCLS,IN,RXCUI,NAME,TTY,NDC
Antidiabetics,GLP1 Agonist,semaglutide ,1991302,semaglutide,IN,
Antidiabetics,GLP1 Agonist,semaglutide ,1991311,"0.25 MG, 0.5 MG Dose 1.5 ML semaglutide 1.34 MG/ML Pen Injector [Ozempic]",SBD,00169413211
Antidiabetics,GLP1 Agonist,semaglutide ,1991311,"0.25 MG, 0.5 MG Dose 1.5 ML semaglutide 1.34 MG/ML Pen Injector [Ozempic]",SBD,00169413212
Antidiabetics,GLP1 Agonist,semaglutide ,1991311,"0.25 MG, 0.5 MG Dose 1.5 ML semaglutide 1.34 MG/ML Pen Injector [Ozempic]",SBD,00169413290
Antidiabetics,GLP1 Agonist,semaglutide ,1991311,"0.25 MG, 0.5 MG Dose 1.5 ML semaglutide 1.34 MG/ML Pen Injector [Ozempic]",SBD,00169413297
Antidiabetics,GLP1 Agonist,semaglutide ,1991317,1 MG Dose 1.5 ML semaglutide 1.34 MG/ML Pen Injector [Ozempic],SBD,00169413602
Antidiabetics,GLP1 Agonist,semaglutide ,1991317,1 MG Dose 1.5 ML semaglutide 1.34 MG/ML Pen Injector [Ozempic],SBD,00169413611
Antidiabetics,GLP1 Agonist,semaglutide ,2200650,semaglutide 14 MG Oral Tablet [Rybelsus],SBD,00169431401
Antidiabetics,GLP1 Agonist,semaglutide ,2200650,semaglutide 14 MG Oral Tablet [Rybelsus],SBD,00169431413
Antidiabetics,GLP1 Agonist,semaglutide ,2200650,semaglutide 14 MG Oral Tablet [Rybelsus],SBD,00169431430
Antidiabetics,GLP1 Agonist,semaglutide ,2200654,semaglutide 3 MG Oral Tablet [Rybelsus],SBD,00169430301
Antidiabetics,GLP1 Agonist,semaglutide ,2200654,semaglutide 3 MG Oral Tablet [Rybelsus],SBD,00169430313
Antidiabetics,GLP1 Agonist,semaglutide ,2200654,semaglutide 3 MG Oral Tablet [Rybelsus],SBD,00169430330
Antidiabetics,GLP1 Agonist,semaglutide ,2200654,semaglutide 3 MG Oral Tablet [Rybelsus],SBD,00169430390
Antidiabetics,GLP1 Agonist,semaglutide ,2200654,semaglutide 3 MG Oral Tablet [Rybelsus],SBD,00169430393
Antidiabetics,GLP1 Agonist,semaglutide ,2200654,semaglutide 3 MG Oral Tablet [Rybelsus],SBD,00169430399
Antidiabetics,GLP1 Agonist,semaglutide ,2200658,semaglutide 7 MG Oral Tablet [Rybelsus],SBD,00169430701
Antidiabetics,GLP1 Agonist,semaglutide ,2200658,semaglutide 7 MG Oral Tablet [Rybelsus],SBD,00169430713
Antidiabetics,GLP1 Agonist,semaglutide ,2200658,semaglutide 7 MG Oral Tablet [Rybelsus],SBD,00169430730
Antidiabetics,GLP1 Agonist,semaglutide ,2398842,3 ML semaglutide 1.34 MG/ML Pen Injector [Ozempic],SBD,00169413001
Antidiabetics,GLP1 Agonist,semaglutide ,2398842,3 ML semaglutide 1.34 MG/ML Pen Injector [Ozempic],SBD,00169413013
Antidiabetics,GLP1 Agonist,semaglutide ,2398842,3 ML semaglutide 1.34 MG/ML Pen Injector [Ozempic],SBD,50090594900
Antidiabetics,GLP1 Agonist,semaglutide ,2553506,0.5 ML semaglutide 0.5 MG/ML Auto-Injector [Wegovy],SBD,00169452501
Antidiabetics,GLP1 Agonist,semaglutide ,2553506,0.5 ML semaglutide 0.5 MG/ML Auto-Injector [Wegovy],SBD,00169452514
Antidiabetics,GLP1 Agonist,semaglutide ,2553506,0.5 ML semaglutide 0.5 MG/ML Auto-Injector [Wegovy],SBD,00169452590
Antidiabetics,GLP1 Agonist,semaglutide ,2553506,0.5 ML semaglutide 0.5 MG/ML Auto-Injector [Wegovy],SBD,00169452594
Antidiabetics,GLP1 Agonist,semaglutide ,2553506,0.5 ML semaglutide 0.5 MG/ML Auto-Injector [Wegovy],SBD,50090582400
Antidiabetics,GLP1 Agonist,semaglutide ,2553603,0.5 ML semaglutide 1 MG/ML Auto-Injector [Wegovy],SBD,00169450501
Antidiabetics,GLP1 Agonist,semaglutide ,2553603,0.5 ML semaglutide 1 MG/ML Auto-Injector [Wegovy],SBD,00169450514
Antidiabetics,GLP1 Agonist,semaglutide ,2553803,0.5 ML semaglutide 2 MG/ML Auto-Injector [Wegovy],SBD,00169450101
Antidiabetics,GLP1 Agonist,semaglutide ,2553803,0.5 ML semaglutide 2 MG/ML Auto-Injector [Wegovy],SBD,00169450114
Antidiabetics,GLP1 Agonist,semaglutide ,2553903,0.75 ML semaglutide 2.27 MG/ML Auto-Injector [Wegovy],SBD,00169451701
Antidiabetics,GLP1 Agonist,semaglutide ,2553903,0.75 ML semaglutide 2.27 MG/ML Auto-Injector [Wegovy],SBD,00169451714
Antidiabetics,GLP1 Agonist,semaglutide ,2554104,0.75 ML semaglutide 3.2 MG/ML Auto-Injector [Wegovy],SBD,00169452401
Antidiabetics,GLP1 Agonist,semaglutide ,2554104,0.75 ML semaglutide 3.2 MG/ML Auto-Injector [Wegovy],SBD,00169452414
Antidiabetics,GLP1 Agonist,semaglutide ,2599365,3 ML semaglutide 2.68 MG/ML Pen Injector [Ozempic],SBD,00169477211
Antidiabetics,GLP1 Agonist,semaglutide ,2599365,3 ML semaglutide 2.68 MG/ML Pen Injector [Ozempic],SBD,00169477212
Antidiabetics,GLP1 Agonist,semaglutide ,2599365,3 ML semaglutide 2.68 MG/ML Pen Injector [Ozempic],SBD,00169477290
Antidiabetics,GLP1 Agonist,semaglutide ,2599365,3 ML semaglutide 2.68 MG/ML Pen Injector [Ozempic],SBD,00169477297
Antidiabetics,GLP1 Agonist,semaglutide ,2599365,3 ML semaglutide 2.68 MG/ML Pen Injector [Ozempic],SBD,50090605100
Antidiabetics,GLP1 Agonist,semaglutide ,2619154,"0.25 MG, 0.5 MG Dose 3 ML semaglutide 0.68 MG/ML Pen Injector [Ozempic]",SBD,00169418103
Antidiabetics,GLP1 Agonist,semaglutide ,2619154,"0.25 MG, 0.5 MG Dose 3 ML semaglutide 0.68 MG/ML Pen Injector [Ozempic]",SBD,00169418113
Antidiabetics,GLP1 Agonist,semaglutide ,2619154,"0.25 MG, 0.5 MG Dose 3 ML semaglutide 0.68 MG/ML Pen Injector [Ozempic]",SBD,00169418190
Antidiabetics,GLP1 Agonist,semaglutide ,2619154,"0.25 MG, 0.5 MG Dose 3 ML semaglutide 0.68 MG/ML Pen Injector [Ozempic]",SBD,00169418197
Antidiabetics,GLP1 Agonist,semaglutide ,1991308,semaglutide 1.34 MG/ML [Ozempic],SBDC,
Antidiabetics,GLP1 Agonist,semaglutide ,2200646,semaglutide 14 MG [Rybelsus],SBDC,
Antidiabetics,GLP1 Agonist,semaglutide ,2200653,semaglutide 3 MG [Rybelsus],SBDC,
Antidiabetics,GLP1 Agonist,semaglutide ,2200657,semaglutide 7 MG [Rybelsus],SBDC,
Antidiabetics,GLP1 Agonist,semaglutide ,2553503,semaglutide 0.5 MG/ML [Wegovy],SBDC,
Antidiabetics,GLP1 Agonist,semaglutide ,2553602,semaglutide 1 MG/ML [Wegovy],SBDC,
Antidiabetics,GLP1 Agonist,semaglutide ,2553608,semaglutide 2 MG/ML [Wegovy],SBDC,
Antidiabetics,GLP1 Agonist,semaglutide ,2553902,semaglutide 2.27 MG/ML [Wegovy],SBDC,
Antidiabetics,GLP1 Agonist,semaglutide ,2554103,semaglutide 3.2 MG/ML [Wegovy],SBDC,
Antidiabetics,GLP1 Agonist,semaglutide ,2599364,semaglutide 2.68 MG/ML [Ozempic],SBDC,
Antidiabetics,GLP1 Agonist,semaglutide ,2619153,semaglutide 0.68 MG/ML [Ozempic],SBDC,
Antidiabetics,GLP1 Agonist,semaglutide ,1991309,semaglutide Pen Injector [Ozempic],SBDF,
Antidiabetics,GLP1 Agonist,semaglutide ,2200647,semaglutide Oral Tablet [Rybelsus],SBDF,
Antidiabetics,GLP1 Agonist,semaglutide ,2553504,semaglutide Auto-Injector [Wegovy],SBDF,
Antidiabetics,GLP1 Agonist,semaglutide ,1991310,Ozempic Injectable Product,SBDG,
Antidiabetics,GLP1 Agonist,semaglutide ,2200648,Rybelsus Oral Product,SBDG,
Antidiabetics,GLP1 Agonist,semaglutide ,2200649,Rybelsus Pill,SBDG,
Antidiabetics,GLP1 Agonist,semaglutide ,2553505,Wegovy Injectable Product,SBDG,
Antidiabetics,GLP1 Agonist,semaglutide ,1991306,"0.25 MG, 0.5 MG Dose 1.5 ML semaglutide 1.34 MG/ML Pen Injector",SCD,
Antidiabetics,GLP1 Agonist,semaglutide ,1991316,1 MG Dose 1.5 ML semaglutide 1.34 MG/ML Pen Injector,SCD,
Antidiabetics,GLP1 Agonist,semaglutide ,2200644,semaglutide 14 MG Oral Tablet,SCD,
Antidiabetics,GLP1 Agonist,semaglutide ,2200652,semaglutide 3 MG Oral Tablet,SCD,
Antidiabetics,GLP1 Agonist,semaglutide ,2200656,semaglutide 7 MG Oral Tablet,SCD,
Antidiabetics,GLP1 Agonist,semaglutide ,2398841,3 ML semaglutide 1.34 MG/ML Pen Injector,SCD,
Antidiabetics,GLP1 Agonist,semaglutide ,2553501,0.5 ML semaglutide 0.5 MG/ML Auto-Injector,SCD,
Antidiabetics,GLP1 Agonist,semaglutide ,2553601,0.5 ML semaglutide 1 MG/ML Auto-Injector,SCD,
Antidiabetics,GLP1 Agonist,semaglutide ,2553802,0.5 ML semaglutide 2 MG/ML Auto-Injector,SCD,
Antidiabetics,GLP1 Agonist,semaglutide ,2553901,0.75 ML semaglutide 2.27 MG/ML Auto-Injector,SCD,
Antidiabetics,GLP1 Agonist,semaglutide ,2554102,0.75 ML semaglutide 3.2 MG/ML Auto-Injector,SCD,
Antidiabetics,GLP1 Agonist,semaglutide ,2599362,3 ML semaglutide 2.68 MG/ML Pen Injector,SCD,
Antidiabetics,GLP1 Agonist,semaglutide ,2619152,"0.25 MG, 0.5 MG Dose 3 ML semaglutide 0.68 MG/ML Pen Injector",SCD,
Antidiabetics,GLP1 Agonist,semaglutide ,1991303,semaglutide 1.34 MG/ML,SCDC,
Antidiabetics,GLP1 Agonist,semaglutide ,2200640,semaglutide 14 MG,SCDC,
Antidiabetics,GLP1 Agonist,semaglutide ,2200651,semaglutide 3 MG,SCDC,
Antidiabetics,GLP1 Agonist,semaglutide ,2200655,semaglutide 7 MG,SCDC,
Antidiabetics,GLP1 Agonist,semaglutide ,2553400,semaglutide 0.5 MG/ML,SCDC,
Antidiabetics,GLP1 Agonist,semaglutide ,2553600,semaglutide 1 MG/ML,SCDC,
Antidiabetics,GLP1 Agonist,semaglutide ,2553606,semaglutide 2 MG/ML,SCDC,
Antidiabetics,GLP1 Agonist,semaglutide ,2553900,semaglutide 2.27 MG/ML,SCDC,
Antidiabetics,GLP1 Agonist,semaglutide ,2554101,semaglutide 3.2 MG/ML,SCDC,
Antidiabetics,GLP1 Agonist,semaglutide ,2599361,semaglutide 2.68 MG/ML,SCDC,
Antidiabetics,GLP1 Agonist,semaglutide ,2619151,semaglutide 0.68 MG/ML,SCDC,
Antidiabetics,GLP1 Agonist,semaglutide ,1991305,semaglutide Pen Injector,SCDF,
Antidiabetics,GLP1 Agonist,semaglutide ,2200643,semaglutide Oral Tablet,SCDF,
Antidiabetics,GLP1 Agonist,semaglutide ,2553500,semaglutide Auto-Injector,SCDF,
Antidiabetics,GLP1 Agonist,semaglutide ,1991304,semaglutide Injectable Product,SCDG,
Antidiabetics,GLP1 Agonist,semaglutide ,2200641,semaglutide Oral Product,SCDG,
Antidiabetics,GLP1 Agonist,semaglutide ,2200642,semaglutide Pill,SCDG,
Antidiabetics,GLP1 Agonist,dulaglutide ,1551291,dulaglutide,IN,
Antidiabetics,GLP1 Agonist,dulaglutide ,1551300,0.5 ML dulaglutide 1.5 MG/ML Auto-Injector [Trulicity],SBD,00002143301
Antidiabetics,GLP1 Agonist,dulaglutide ,1551300,0.5 ML dulaglutide 1.5 MG/ML Auto-Injector [Trulicity],SBD,00002143361
Antidiabetics,GLP1 Agonist,dulaglutide ,1551300,0.5 ML dulaglutide 1.5 MG/ML Auto-Injector [Trulicity],SBD,00002143380
Antidiabetics,GLP1 Agonist,dulaglutide ,1551300,0.5 ML dulaglutide 1.5 MG/ML Auto-Injector [Trulicity],SBD,50090348400
Antidiabetics,GLP1 Agonist,dulaglutide ,1551300,0.5 ML dulaglutide 1.5 MG/ML Auto-Injector [Trulicity],SBD,50090645300
Antidiabetics,GLP1 Agonist,dulaglutide ,1551306,0.5 ML dulaglutide 3 MG/ML Auto-Injector [Trulicity],SBD,00002143401
Antidiabetics,GLP1 Agonist,dulaglutide ,1551306,0.5 ML dulaglutide 3 MG/ML Auto-Injector [Trulicity],SBD,00002143461
Antidiabetics,GLP1 Agonist,dulaglutide ,1551306,0.5 ML dulaglutide 3 MG/ML Auto-Injector [Trulicity],SBD,00002143480
Antidiabetics,GLP1 Agonist,dulaglutide ,1551306,0.5 ML dulaglutide 3 MG/ML Auto-Injector [Trulicity],SBD,50090348300
Antidiabetics,GLP1 Agonist,dulaglutide ,1551306,0.5 ML dulaglutide 3 MG/ML Auto-Injector [Trulicity],SBD,50090645600
Antidiabetics,GLP1 Agonist,dulaglutide ,2395779,0.5 ML dulaglutide 6 MG/ML Auto-Injector [Trulicity],SBD,00002223601
Antidiabetics,GLP1 Agonist,dulaglutide ,2395779,0.5 ML dulaglutide 6 MG/ML Auto-Injector [Trulicity],SBD,00002223661
Antidiabetics,GLP1 Agonist,dulaglutide ,2395779,0.5 ML dulaglutide 6 MG/ML Auto-Injector [Trulicity],SBD,00002223680
Antidiabetics,GLP1 Agonist,dulaglutide ,2395779,0.5 ML dulaglutide 6 MG/ML Auto-Injector [Trulicity],SBD,50090546700
Antidiabetics,GLP1 Agonist,dulaglutide ,2395779,0.5 ML dulaglutide 6 MG/ML Auto-Injector [Trulicity],SBD,50090657100
Antidiabetics,GLP1 Agonist,dulaglutide ,2395785,0.5 ML dulaglutide 9 MG/ML Auto-Injector [Trulicity],SBD,00002318201
Antidiabetics,GLP1 Agonist,dulaglutide ,2395785,0.5 ML dulaglutide 9 MG/ML Auto-Injector [Trulicity],SBD,00002318261
Antidiabetics,GLP1 Agonist,dulaglutide ,2395785,0.5 ML dulaglutide 9 MG/ML Auto-Injector [Trulicity],SBD,00002318280
Antidiabetics,GLP1 Agonist,dulaglutide ,1551297,dulaglutide 1.5 MG/ML [Trulicity],SBDC,
Antidiabetics,GLP1 Agonist,dulaglutide ,1551305,dulaglutide 3 MG/ML [Trulicity],SBDC,
Antidiabetics,GLP1 Agonist,dulaglutide ,2395778,dulaglutide 6 MG/ML [Trulicity],SBDC,
Antidiabetics,GLP1 Agonist,dulaglutide ,2395784,dulaglutide 9 MG/ML [Trulicity],SBDC,
Antidiabetics,GLP1 Agonist,dulaglutide ,1649586,dulaglutide Auto-Injector [Trulicity],SBDF,
Antidiabetics,GLP1 Agonist,dulaglutide ,1551299,Trulicity Injectable Product,SBDG,
Antidiabetics,GLP1 Agonist,dulaglutide ,1551295,0.5 ML dulaglutide 1.5 MG/ML Auto-Injector,SCD,
Antidiabetics,GLP1 Agonist,dulaglutide ,1551304,0.5 ML dulaglutide 3 MG/ML Auto-Injector,SCD,
Antidiabetics,GLP1 Agonist,dulaglutide ,2395777,0.5 ML dulaglutide 6 MG/ML Auto-Injector,SCD,
Antidiabetics,GLP1 Agonist,dulaglutide ,2395783,0.5 ML dulaglutide 9 MG/ML Auto-Injector,SCD,
Antidiabetics,GLP1 Agonist,dulaglutide ,1551292,dulaglutide 1.5 MG/ML,SCDC,
Antidiabetics,GLP1 Agonist,dulaglutide ,1551303,dulaglutide 3 MG/ML,SCDC,
Antidiabetics,GLP1 Agonist,dulaglutide ,2395776,dulaglutide 6 MG/ML,SCDC,
Antidiabetics,GLP1 Agonist,dulaglutide ,2395782,dulaglutide 9 MG/ML,SCDC,
Antidiabetics,GLP1 Agonist,dulaglutide ,1649584,dulaglutide Auto-Injector,SCDF,
Antidiabetics,GLP1 Agonist,dulaglutide ,1551293,dulaglutide Injectable Product,SCDG,
Antidiabetics,GLP1 Agonist,exenatide,60548,exenatide,IN,
Antidiabetics,GLP1 Agonist,exenatide,1242968,exenatide 2 MG Injection [Bydureon],SBD,
Antidiabetics,GLP1 Agonist,exenatide,1990869,0.85 ML exenatide 2.35 MG/ML Auto-Injector [Bydureon],SBD,00310654001
Antidiabetics,GLP1 Agonist,exenatide,1990869,0.85 ML exenatide 2.35 MG/ML Auto-Injector [Bydureon],SBD,00310654004
Antidiabetics,GLP1 Agonist,exenatide,1990869,0.85 ML exenatide 2.35 MG/ML Auto-Injector [Bydureon],SBD,00310654085
Antidiabetics,GLP1 Agonist,exenatide,847913,60 ACTUAT exenatide 0.01 MG/ACTUAT Pen Injector [Byetta],SBD,00310652401
Antidiabetics,GLP1 Agonist,exenatide,847917,60 ACTUAT exenatide 0.005 MG/ACTUAT Pen Injector [Byetta],SBD,00310651201
Antidiabetics,GLP1 Agonist,exenatide,1653613,exenatide 2 MG [Bydureon],SBDC,
Antidiabetics,GLP1 Agonist,exenatide,1990867,exenatide 2.35 MG/ML [Bydureon],SBDC,
Antidiabetics,GLP1 Agonist,exenatide,847911,exenatide 0.01 MG/ACTUAT [Byetta],SBDC,
Antidiabetics,GLP1 Agonist,exenatide,847916,exenatide 0.005 MG/ACTUAT [Byetta],SBDC,
Antidiabetics,GLP1 Agonist,exenatide,1653614,exenatide Injection [Bydureon],SBDF,
Antidiabetics,GLP1 Agonist,exenatide,1653625,exenatide Pen Injector [Byetta],SBDF,
Antidiabetics,GLP1 Agonist,exenatide,1990868,exenatide Auto-Injector [Bydureon],SBDF,
Antidiabetics,GLP1 Agonist,exenatide,1169415,Byetta Injectable Product,SBDG,
Antidiabetics,GLP1 Agonist,exenatide,1242967,Bydureon Injectable Product,SBDG,
Antidiabetics,GLP1 Agonist,exenatide,1242963,exenatide 2 MG Injection,SCD,
Antidiabetics,GLP1 Agonist,exenatide,1990866,0.85 ML exenatide 2.35 MG/ML Auto-Injector,SCD,
Antidiabetics,GLP1 Agonist,exenatide,847910,60 ACTUAT exenatide 0.01 MG/ACTUAT Pen Injector,SCD,
Antidiabetics,GLP1 Agonist,exenatide,847915,60 ACTUAT exenatide 0.005 MG/ACTUAT Pen Injector,SCD,
Antidiabetics,GLP1 Agonist,exenatide,1653610,exenatide 2 MG,SCDC,
Antidiabetics,GLP1 Agonist,exenatide,1990864,exenatide 2.35 MG/ML,SCDC,
Antidiabetics,GLP1 Agonist,exenatide,847908,exenatide 0.01 MG/ACTUAT,SCDC,
Antidiabetics,GLP1 Agonist,exenatide,847914,exenatide 0.005 MG/ACTUAT,SCDC,
Antidiabetics,GLP1 Agonist,exenatide,1653611,exenatide Injection,SCDF,
Antidiabetics,GLP1 Agonist,exenatide,1653616,exenatide Pen Injector,SCDF,
Antidiabetics,GLP1 Agonist,exenatide,1990865,exenatide Auto-Injector,SCDF,
Antidiabetics,GLP1 Agonist,exenatide,1163790,exenatide Injectable Product,SCDG,
Antidiabetics,GLP1 Agonist,liraglutide,475968,liraglutide,IN,
Antidiabetics,GLP1 Agonist,liraglutide,1727493,insulin degludec / liraglutide,MIN,
Antidiabetics,GLP1 Agonist,liraglutide,1598268,3 ML liraglutide 6 MG/ML Pen Injector [Saxenda],SBD,00169280015
Antidiabetics,GLP1 Agonist,liraglutide,1598268,3 ML liraglutide 6 MG/ML Pen Injector [Saxenda],SBD,00169280090
Antidiabetics,GLP1 Agonist,liraglutide,1598268,3 ML liraglutide 6 MG/ML Pen Injector [Saxenda],SBD,00169280097
Antidiabetics,GLP1 Agonist,liraglutide,1598268,3 ML liraglutide 6 MG/ML Pen Injector [Saxenda],SBD,50090425700
Antidiabetics,GLP1 Agonist,liraglutide,1860172,3 ML insulin degludec 100 UNT/ML / liraglutide 3.6 MG/ML Pen Injector [Xultophy],SBD,00169291115
Antidiabetics,GLP1 Agonist,liraglutide,1860172,3 ML insulin degludec 100 UNT/ML / liraglutide 3.6 MG/ML Pen Injector [Xultophy],SBD,00169291190
Antidiabetics,GLP1 Agonist,liraglutide,1860172,3 ML insulin degludec 100 UNT/ML / liraglutide 3.6 MG/ML Pen Injector [Xultophy],SBD,00169291197
Antidiabetics,GLP1 Agonist,liraglutide,897126,3 ML liraglutide 6 MG/ML Pen Injector [Victoza],SBD,00169406012
Antidiabetics,GLP1 Agonist,liraglutide,897126,3 ML liraglutide 6 MG/ML Pen Injector [Victoza],SBD,00169406013
Antidiabetics,GLP1 Agonist,liraglutide,897126,3 ML liraglutide 6 MG/ML Pen Injector [Victoza],SBD,00169406090
Antidiabetics,GLP1 Agonist,liraglutide,897126,3 ML liraglutide 6 MG/ML Pen Injector [Victoza],SBD,00169406099
Antidiabetics,GLP1 Agonist,liraglutide,897126,3 ML liraglutide 6 MG/ML Pen Injector [Victoza],SBD,50090285300
Antidiabetics,GLP1 Agonist,liraglutide,897126,3 ML liraglutide 6 MG/ML Pen Injector [Victoza],SBD,50090450300
Antidiabetics,GLP1 Agonist,liraglutide,1598265,liraglutide 6 MG/ML [Saxenda],SBDC,
Antidiabetics,GLP1 Agonist,liraglutide,1860169,insulin degludec 100 UNT/ML / liraglutide 3.6 MG/ML [Xultophy],SBDC,
Antidiabetics,GLP1 Agonist,liraglutide,897124,liraglutide 6 MG/ML [Victoza],SBDC,
Antidiabetics,GLP1 Agonist,liraglutide,1653597,liraglutide Pen Injector [Victoza],SBDF,
Antidiabetics,GLP1 Agonist,liraglutide,1653600,liraglutide Pen Injector [Saxenda],SBDF,
Antidiabetics,GLP1 Agonist,liraglutide,1860170,insulin degludec / liraglutide Pen Injector [Xultophy],SBDF,
Antidiabetics,GLP1 Agonist,liraglutide,1186578,Victoza Injectable Product,SBDG,
Antidiabetics,GLP1 Agonist,liraglutide,1598267,Saxenda Injectable Product,SBDG,
Antidiabetics,GLP1 Agonist,liraglutide,1860171,Xultophy Injectable Product,SBDG,
Antidiabetics,GLP1 Agonist,liraglutide,1860167,3 ML insulin degludec 100 UNT/ML / liraglutide 3.6 MG/ML Pen Injector,SCD,
Antidiabetics,GLP1 Agonist,liraglutide,897122,3 ML liraglutide 6 MG/ML Pen Injector,SCD,00480366719
Antidiabetics,GLP1 Agonist,liraglutide,897122,3 ML liraglutide 6 MG/ML Pen Injector,SCD,00480366720
Antidiabetics,GLP1 Agonist,liraglutide,897122,3 ML liraglutide 6 MG/ML Pen Injector,SCD,00480366722
Antidiabetics,GLP1 Agonist,liraglutide,1860164,liraglutide 3.6 MG/ML,SCDC,
Antidiabetics,GLP1 Agonist,liraglutide,897120,liraglutide 6 MG/ML,SCDC,
Antidiabetics,GLP1 Agonist,liraglutide,1653594,liraglutide Pen Injector,SCDF,
Antidiabetics,GLP1 Agonist,liraglutide,1860166,insulin degludec / liraglutide Pen Injector,SCDF,
Antidiabetics,GLP1 Agonist,liraglutide,1163230,liraglutide Injectable Product,SCDG,
Antidiabetics,GLP1 Agonist,liraglutide,1860165,insulin degludec / liraglutide Injectable Product,SCDG,
Antidiabetics,GLP1 Agonist,lixisenatide,1440051,lixisenatide,IN,
Antidiabetics,GLP1 Agonist,lixisenatide,1858994,insulin glargine / lixisenatide,MIN,
Antidiabetics,GLP1 Agonist,lixisenatide,1803893,3 ML lixisenatide 0.05 MG/ML Pen Injector [Adlyxin],SBD,
Antidiabetics,GLP1 Agonist,lixisenatide,1803896,3 ML lixisenatide 0.1 MG/ML Pen Injector [Adlyxin],SBD,00024574702
Antidiabetics,GLP1 Agonist,lixisenatide,1859000,3 ML insulin glargine 100 UNT/ML / lixisenatide 0.033 MG/ML Pen Injector [Soliqua],SBD,00024576101
Antidiabetics,GLP1 Agonist,lixisenatide,1859000,3 ML insulin glargine 100 UNT/ML / lixisenatide 0.033 MG/ML Pen Injector [Soliqua],SBD,00024576102
Antidiabetics,GLP1 Agonist,lixisenatide,1859000,3 ML insulin glargine 100 UNT/ML / lixisenatide 0.033 MG/ML Pen Injector [Soliqua],SBD,00024576105
Antidiabetics,GLP1 Agonist,lixisenatide,1859000,3 ML insulin glargine 100 UNT/ML / lixisenatide 0.033 MG/ML Pen Injector [Soliqua],SBD,00024576302
Antidiabetics,GLP1 Agonist,lixisenatide,1803888,lixisenatide 0.05 MG/ML [Adlyxin],SBDC,
Antidiabetics,GLP1 Agonist,lixisenatide,1803895,lixisenatide 0.1 MG/ML [Adlyxin],SBDC,
Antidiabetics,GLP1 Agonist,lixisenatide,1858997,insulin glargine 100 UNT/ML / lixisenatide 0.033 MG/ML [Soliqua],SBDC,
Antidiabetics,GLP1 Agonist,lixisenatide,1803889,lixisenatide Pen Injector [Adlyxin],SBDF,
Antidiabetics,GLP1 Agonist,lixisenatide,1858998,insulin glargine / lixisenatide Pen Injector [Soliqua],SBDF,
Antidiabetics,GLP1 Agonist,lixisenatide,1803890,Adlyxin Injectable Product,SBDG,
Antidiabetics,GLP1 Agonist,lixisenatide,1858999,Soliqua Injectable Product,SBDG,
Antidiabetics,GLP1 Agonist,lixisenatide,1803892,3 ML lixisenatide 0.05 MG/ML Pen Injector,SCD,
Antidiabetics,GLP1 Agonist,lixisenatide,1803894,3 ML lixisenatide 0.1 MG/ML Pen Injector,SCD,
Antidiabetics,GLP1 Agonist,lixisenatide,1858995,3 ML insulin glargine 100 UNT/ML / lixisenatide 0.033 MG/ML Pen Injector,SCD,
Antidiabetics,GLP1 Agonist,lixisenatide,1440052,lixisenatide 0.1 MG/ML,SCDC,
Antidiabetics,GLP1 Agonist,lixisenatide,1440056,lixisenatide 0.05 MG/ML,SCDC,
Antidiabetics,GLP1 Agonist,lixisenatide,1858991,lixisenatide 0.033 MG/ML,SCDC,
Antidiabetics,GLP1 Agonist,lixisenatide,1803885,lixisenatide Pen Injector,SCDF,
Antidiabetics,GLP1 Agonist,lixisenatide,1858993,insulin glargine / lixisenatide Pen Injector,SCDF,
Antidiabetics,GLP1 Agonist,lixisenatide,1440053,lixisenatide Injectable Product,SCDG,
Antidiabetics,GLP1 Agonist,lixisenatide,1858992,insulin glargine / lixisenatide Injectable Product,SCDG,
Antidiabetics,GLP1 Agonist,tirzepatide,2601723,tirzepatide,IN,
Antidiabetics,GLP1 Agonist,tirzepatide,2601746,0.5 ML tirzepatide 10 MG/ML Auto-Injector [Mounjaro],SBD,00002149501
Antidiabetics,GLP1 Agonist,tirzepatide,2601746,0.5 ML tirzepatide 10 MG/ML Auto-Injector [Mounjaro],SBD,00002149580
Antidiabetics,GLP1 Agonist,tirzepatide,2601758,0.5 ML tirzepatide 30 MG/ML Auto-Injector [Mounjaro],SBD,00002145701
Antidiabetics,GLP1 Agonist,tirzepatide,2601758,0.5 ML tirzepatide 30 MG/ML Auto-Injector [Mounjaro],SBD,00002145780
Antidiabetics,GLP1 Agonist,tirzepatide,2601764,0.5 ML tirzepatide 5 MG/ML Auto-Injector [Mounjaro],SBD,00002150601
Antidiabetics,GLP1 Agonist,tirzepatide,2601764,0.5 ML tirzepatide 5 MG/ML Auto-Injector [Mounjaro],SBD,00002150661
Antidiabetics,GLP1 Agonist,tirzepatide,2601764,0.5 ML tirzepatide 5 MG/ML Auto-Injector [Mounjaro],SBD,00002150680
Antidiabetics,GLP1 Agonist,tirzepatide,2601770,0.5 ML tirzepatide 20 MG/ML Auto-Injector [Mounjaro],SBD,00002147101
Antidiabetics,GLP1 Agonist,tirzepatide,2601770,0.5 ML tirzepatide 20 MG/ML Auto-Injector [Mounjaro],SBD,00002147180
Antidiabetics,GLP1 Agonist,tirzepatide,2601776,0.5 ML tirzepatide 25 MG/ML Auto-Injector [Mounjaro],SBD,00002146001
Antidiabetics,GLP1 Agonist,tirzepatide,2601776,0.5 ML tirzepatide 25 MG/ML Auto-Injector [Mounjaro],SBD,00002146080
Antidiabetics,GLP1 Agonist,tirzepatide,2601785,0.5 ML tirzepatide 15 MG/ML Auto-Injector [Mounjaro],SBD,00002148401
Antidiabetics,GLP1 Agonist,tirzepatide,2601785,0.5 ML tirzepatide 15 MG/ML Auto-Injector [Mounjaro],SBD,00002148480
Antidiabetics,GLP1 Agonist,tirzepatide,2644399,0.5 ML tirzepatide 15 MG/ML Injection [Mounjaro],SBD,00002221401
Antidiabetics,GLP1 Agonist,tirzepatide,2644403,0.5 ML tirzepatide 10 MG/ML Injection [Mounjaro],SBD,00002124301
Antidiabetics,GLP1 Agonist,tirzepatide,2644407,0.5 ML tirzepatide 5 MG/ML Injection [Mounjaro],SBD,00002115201
Antidiabetics,GLP1 Agonist,tirzepatide,2644411,0.5 ML tirzepatide 30 MG/ML Injection [Mounjaro],SBD,00002300201
Antidiabetics,GLP1 Agonist,tirzepatide,2644415,0.5 ML tirzepatide 25 MG/ML Injection [Mounjaro],SBD,00002242301
Antidiabetics,GLP1 Agonist,tirzepatide,2644419,0.5 ML tirzepatide 20 MG/ML Injection [Mounjaro],SBD,00002234001
Antidiabetics,GLP1 Agonist,tirzepatide,2669706,0.5 ML tirzepatide 5 MG/ML Auto-Injector [Zepbound],SBD,00002250601
Antidiabetics,GLP1 Agonist,tirzepatide,2669706,0.5 ML tirzepatide 5 MG/ML Auto-Injector [Zepbound],SBD,00002250661
Antidiabetics,GLP1 Agonist,tirzepatide,2669706,0.5 ML tirzepatide 5 MG/ML Auto-Injector [Zepbound],SBD,00002250680
Antidiabetics,GLP1 Agonist,tirzepatide,2669709,0.5 ML tirzepatide 10 MG/ML Auto-Injector [Zepbound],SBD,00002249501
Antidiabetics,GLP1 Agonist,tirzepatide,2669709,0.5 ML tirzepatide 10 MG/ML Auto-Injector [Zepbound],SBD,00002249580
Antidiabetics,GLP1 Agonist,tirzepatide,2669712,0.5 ML tirzepatide 15 MG/ML Auto-Injector [Zepbound],SBD,00002248401
Antidiabetics,GLP1 Agonist,tirzepatide,2669712,0.5 ML tirzepatide 15 MG/ML Auto-Injector [Zepbound],SBD,00002248480
Antidiabetics,GLP1 Agonist,tirzepatide,2669715,0.5 ML tirzepatide 20 MG/ML Auto-Injector [Zepbound],SBD,00002247101
Antidiabetics,GLP1 Agonist,tirzepatide,2669715,0.5 ML tirzepatide 20 MG/ML Auto-Injector [Zepbound],SBD,00002247180
Antidiabetics,GLP1 Agonist,tirzepatide,2669718,0.5 ML tirzepatide 25 MG/ML Auto-Injector [Zepbound],SBD,00002246001
Antidiabetics,GLP1 Agonist,tirzepatide,2669718,0.5 ML tirzepatide 25 MG/ML Auto-Injector [Zepbound],SBD,00002246080
Antidiabetics,GLP1 Agonist,tirzepatide,2669721,0.5 ML tirzepatide 30 MG/ML Auto-Injector [Zepbound],SBD,00002245701
Antidiabetics,GLP1 Agonist,tirzepatide,2669721,0.5 ML tirzepatide 30 MG/ML Auto-Injector [Zepbound],SBD,00002245780
Antidiabetics,GLP1 Agonist,tirzepatide,2679317,0.5 ML tirzepatide 20 MG/ML Injection [Zepbound],SBD,00002134001
Antidiabetics,GLP1 Agonist,tirzepatide,2679319,0.5 ML tirzepatide 25 MG/ML Injection [Zepbound],SBD,00002142301
Antidiabetics,GLP1 Agonist,tirzepatide,2679321,0.5 ML tirzepatide 30 MG/ML Injection [Zepbound],SBD,00002200201
Antidiabetics,GLP1 Agonist,tirzepatide,2679323,0.5 ML tirzepatide 5 MG/ML Injection [Zepbound],SBD,00002015201
Antidiabetics,GLP1 Agonist,tirzepatide,2679323,0.5 ML tirzepatide 5 MG/ML Injection [Zepbound],SBD,00002015204
Antidiabetics,GLP1 Agonist,tirzepatide,2679325,0.5 ML tirzepatide 10 MG/ML Injection [Zepbound],SBD,00002024301
Antidiabetics,GLP1 Agonist,tirzepatide,2679325,0.5 ML tirzepatide 10 MG/ML Injection [Zepbound],SBD,00002024304
Antidiabetics,GLP1 Agonist,tirzepatide,2679327,0.5 ML tirzepatide 15 MG/ML Injection [Zepbound],SBD,00002121401
Antidiabetics,GLP1 Agonist,tirzepatide,2601745,tirzepatide 10 MG/ML [Mounjaro],SBDC,
Antidiabetics,GLP1 Agonist,tirzepatide,2601757,tirzepatide 30 MG/ML [Mounjaro],SBDC,
Antidiabetics,GLP1 Agonist,tirzepatide,2601763,tirzepatide 5 MG/ML [Mounjaro],SBDC,
Antidiabetics,GLP1 Agonist,tirzepatide,2601769,tirzepatide 20 MG/ML [Mounjaro],SBDC,
Antidiabetics,GLP1 Agonist,tirzepatide,2601775,tirzepatide 25 MG/ML [Mounjaro],SBDC,
Antidiabetics,GLP1 Agonist,tirzepatide,2601781,tirzepatide 15 MG/ML [Mounjaro],SBDC,
Antidiabetics,GLP1 Agonist,tirzepatide,2669703,tirzepatide 5 MG/ML [Zepbound],SBDC,
Antidiabetics,GLP1 Agonist,tirzepatide,2669708,tirzepatide 10 MG/ML [Zepbound],SBDC,
Antidiabetics,GLP1 Agonist,tirzepatide,2669711,tirzepatide 15 MG/ML [Zepbound],SBDC,
Antidiabetics,GLP1 Agonist,tirzepatide,2669714,tirzepatide 20 MG/ML [Zepbound],SBDC,
Antidiabetics,GLP1 Agonist,tirzepatide,2669717,tirzepatide 25 MG/ML [Zepbound],SBDC,
Antidiabetics,GLP1 Agonist,tirzepatide,2669720,tirzepatide 30 MG/ML [Zepbound],SBDC,
Antidiabetics,GLP1 Agonist,tirzepatide,2601737,tirzepatide Auto-Injector [Mounjaro],SBDF,
Antidiabetics,GLP1 Agonist,tirzepatide,2644398,tirzepatide Injection [Mounjaro],SBDF,
Antidiabetics,GLP1 Agonist,tirzepatide,2669705,tirzepatide Auto-Injector [Zepbound],SBDF,
Antidiabetics,GLP1 Agonist,tirzepatide,2679316,tirzepatide Injection [Zepbound],SBDF,
Antidiabetics,GLP1 Agonist,tirzepatide,2601736,Mounjaro Injectable Product,SBDG,
Antidiabetics,GLP1 Agonist,tirzepatide,2669704,Zepbound Injectable Product,SBDG,
Antidiabetics,GLP1 Agonist,tirzepatide,2601743,0.5 ML tirzepatide 10 MG/ML Auto-Injector,SCD,
Antidiabetics,GLP1 Agonist,tirzepatide,2601755,0.5 ML tirzepatide 30 MG/ML Auto-Injector,SCD,
Antidiabetics,GLP1 Agonist,tirzepatide,2601761,0.5 ML tirzepatide 5 MG/ML Auto-Injector,SCD,
Antidiabetics,GLP1 Agonist,tirzepatide,2601767,0.5 ML tirzepatide 20 MG/ML Auto-Injector,SCD,
Antidiabetics,GLP1 Agonist,tirzepatide,2601773,0.5 ML tirzepatide 25 MG/ML Auto-Injector,SCD,
Antidiabetics,GLP1 Agonist,tirzepatide,2601784,0.5 ML tirzepatide 15 MG/ML Auto-Injector,SCD,
Antidiabetics,GLP1 Agonist,tirzepatide,2644396,0.5 ML tirzepatide 15 MG/ML Injection,SCD,
Antidiabetics,GLP1 Agonist,tirzepatide,2644401,0.5 ML tirzepatide 10 MG/ML Injection,SCD,
Antidiabetics,GLP1 Agonist,tirzepatide,2644405,0.5 ML tirzepatide 5 MG/ML Injection,SCD,
Antidiabetics,GLP1 Agonist,tirzepatide,2644409,0.5 ML tirzepatide 30 MG/ML Injection,SCD,
Antidiabetics,GLP1 Agonist,tirzepatide,2644413,0.5 ML tirzepatide 25 MG/ML Injection,SCD,
Antidiabetics,GLP1 Agonist,tirzepatide,2644417,0.5 ML tirzepatide 20 MG/ML Injection,SCD,
Antidiabetics,GLP1 Agonist,tirzepatide,2601742,tirzepatide 10 MG/ML,SCDC,
Antidiabetics,GLP1 Agonist,tirzepatide,2601754,tirzepatide 30 MG/ML,SCDC,
Antidiabetics,GLP1 Agonist,tirzepatide,2601760,tirzepatide 5 MG/ML,SCDC,
Antidiabetics,GLP1 Agonist,tirzepatide,2601766,tirzepatide 20 MG/ML,SCDC,
Antidiabetics,GLP1 Agonist,tirzepatide,2601772,tirzepatide 25 MG/ML,SCDC,
Antidiabetics,GLP1 Agonist,tirzepatide,2601778,tirzepatide 15 MG/ML,SCDC,
Antidiabetics,GLP1 Agonist,tirzepatide,2601731,tirzepatide Auto-Injector,SCDF,
Antidiabetics,GLP1 Agonist,tirzepatide,2644395,tirzepatide Injection,SCDF,
Antidiabetics,GLP1 Agonist,tirzepatide,2601730,tirzepatide Injectable Product,SCDG,
Antidiabetics,DPP4 Inhibitors,sitagliptin,593411,sitagliptin,IN,
Antidiabetics,DPP4 Inhibitors,sitagliptin,1189803,simvastatin / sitagliptin,MIN,
Antidiabetics,DPP4 Inhibitors,sitagliptin,1992825,ertugliflozin / sitagliptin,MIN,
Antidiabetics,DPP4 Inhibitors,sitagliptin,729717,metformin / sitagliptin,MIN,
Antidiabetics,DPP4 Inhibitors,sitagliptin,621590,sitagliptin phosphate,PIN,
Antidiabetics,DPP4 Inhibitors,sitagliptin,1243833,24 HR metformin hydrochloride 1000 MG / sitagliptin 100 MG Extended Release Oral Tablet [Janumet],SBD,00006008107
Antidiabetics,DPP4 Inhibitors,sitagliptin,1243833,24 HR metformin hydrochloride 1000 MG / sitagliptin 100 MG Extended Release Oral Tablet [Janumet],SBD,00006008114
Antidiabetics,DPP4 Inhibitors,sitagliptin,1243833,24 HR metformin hydrochloride 1000 MG / sitagliptin 100 MG Extended Release Oral Tablet [Janumet],SBD,00006008131
Antidiabetics,DPP4 Inhibitors,sitagliptin,1243833,24 HR metformin hydrochloride 1000 MG / sitagliptin 100 MG Extended Release Oral Tablet [Janumet],SBD,00006008154
Antidiabetics,DPP4 Inhibitors,sitagliptin,1243833,24 HR metformin hydrochloride 1000 MG / sitagliptin 100 MG Extended Release Oral Tablet [Janumet],SBD,00006008182
Antidiabetics,DPP4 Inhibitors,sitagliptin,1243833,24 HR metformin hydrochloride 1000 MG / sitagliptin 100 MG Extended Release Oral Tablet [Janumet],SBD,50090624400
Antidiabetics,DPP4 Inhibitors,sitagliptin,1243843,24 HR metformin hydrochloride 1000 MG / sitagliptin 50 MG Extended Release Oral Tablet [Janumet],SBD,00006008014
Antidiabetics,DPP4 Inhibitors,sitagliptin,1243843,24 HR metformin hydrochloride 1000 MG / sitagliptin 50 MG Extended Release Oral Tablet [Janumet],SBD,00006008028
Antidiabetics,DPP4 Inhibitors,sitagliptin,1243843,24 HR metformin hydrochloride 1000 MG / sitagliptin 50 MG Extended Release Oral Tablet [Janumet],SBD,00006008061
Antidiabetics,DPP4 Inhibitors,sitagliptin,1243843,24 HR metformin hydrochloride 1000 MG / sitagliptin 50 MG Extended Release Oral Tablet [Janumet],SBD,00006008062
Antidiabetics,DPP4 Inhibitors,sitagliptin,1243843,24 HR metformin hydrochloride 1000 MG / sitagliptin 50 MG Extended Release Oral Tablet [Janumet],SBD,00006008082
Antidiabetics,DPP4 Inhibitors,sitagliptin,1243843,24 HR metformin hydrochloride 1000 MG / sitagliptin 50 MG Extended Release Oral Tablet [Janumet],SBD,50090550400
Antidiabetics,DPP4 Inhibitors,sitagliptin,1243843,24 HR metformin hydrochloride 1000 MG / sitagliptin 50 MG Extended Release Oral Tablet [Janumet],SBD,50090550401
Antidiabetics,DPP4 Inhibitors,sitagliptin,1243848,24 HR metformin hydrochloride 500 MG / sitagliptin 50 MG Extended Release Oral Tablet [Janumet],SBD,00006007814
Antidiabetics,DPP4 Inhibitors,sitagliptin,1243848,24 HR metformin hydrochloride 500 MG / sitagliptin 50 MG Extended Release Oral Tablet [Janumet],SBD,00006007828
Antidiabetics,DPP4 Inhibitors,sitagliptin,1243848,24 HR metformin hydrochloride 500 MG / sitagliptin 50 MG Extended Release Oral Tablet [Janumet],SBD,00006007861
Antidiabetics,DPP4 Inhibitors,sitagliptin,1243848,24 HR metformin hydrochloride 500 MG / sitagliptin 50 MG Extended Release Oral Tablet [Janumet],SBD,00006007862
Antidiabetics,DPP4 Inhibitors,sitagliptin,1243848,24 HR metformin hydrochloride 500 MG / sitagliptin 50 MG Extended Release Oral Tablet [Janumet],SBD,00006007882
Antidiabetics,DPP4 Inhibitors,sitagliptin,1992832,ertugliflozin 15 MG / sitagliptin 100 MG Oral Tablet [Steglujan],SBD,00006536803
Antidiabetics,DPP4 Inhibitors,sitagliptin,1992832,ertugliflozin 15 MG / sitagliptin 100 MG Oral Tablet [Steglujan],SBD,00006536806
Antidiabetics,DPP4 Inhibitors,sitagliptin,1992832,ertugliflozin 15 MG / sitagliptin 100 MG Oral Tablet [Steglujan],SBD,00006536807
Antidiabetics,DPP4 Inhibitors,sitagliptin,1992832,ertugliflozin 15 MG / sitagliptin 100 MG Oral Tablet [Steglujan],SBD,00006536808
Antidiabetics,DPP4 Inhibitors,sitagliptin,1992832,ertugliflozin 15 MG / sitagliptin 100 MG Oral Tablet [Steglujan],SBD,00006536809
Antidiabetics,DPP4 Inhibitors,sitagliptin,1992837,ertugliflozin 5 MG / sitagliptin 100 MG Oral Tablet [Steglujan],SBD,00006536703
Antidiabetics,DPP4 Inhibitors,sitagliptin,1992837,ertugliflozin 5 MG / sitagliptin 100 MG Oral Tablet [Steglujan],SBD,00006536706
Antidiabetics,DPP4 Inhibitors,sitagliptin,1992837,ertugliflozin 5 MG / sitagliptin 100 MG Oral Tablet [Steglujan],SBD,00006536707
Antidiabetics,DPP4 Inhibitors,sitagliptin,1992837,ertugliflozin 5 MG / sitagliptin 100 MG Oral Tablet [Steglujan],SBD,00006536708
Antidiabetics,DPP4 Inhibitors,sitagliptin,1992837,ertugliflozin 5 MG / sitagliptin 100 MG Oral Tablet [Steglujan],SBD,00006536709
Antidiabetics,DPP4 Inhibitors,sitagliptin,2670447,sitagliptin 100 MG Oral Tablet [Zituvio],SBD,70710124203
Antidiabetics,DPP4 Inhibitors,sitagliptin,2670447,sitagliptin 100 MG Oral Tablet [Zituvio],SBD,70710124209
Antidiabetics,DPP4 Inhibitors,sitagliptin,2670447,sitagliptin 100 MG Oral Tablet [Zituvio],SBD,70771177203
Antidiabetics,DPP4 Inhibitors,sitagliptin,2670447,sitagliptin 100 MG Oral Tablet [Zituvio],SBD,70771177209
Antidiabetics,DPP4 Inhibitors,sitagliptin,2670449,sitagliptin 25 MG Oral Tablet [Zituvio],SBD,70710124003
Antidiabetics,DPP4 Inhibitors,sitagliptin,2670449,sitagliptin 25 MG Oral Tablet [Zituvio],SBD,70710124009
Antidiabetics,DPP4 Inhibitors,sitagliptin,2670449,sitagliptin 25 MG Oral Tablet [Zituvio],SBD,70771177003
Antidiabetics,DPP4 Inhibitors,sitagliptin,2670449,sitagliptin 25 MG Oral Tablet [Zituvio],SBD,70771177009
Antidiabetics,DPP4 Inhibitors,sitagliptin,2670451,sitagliptin 50 MG Oral Tablet [Zituvio],SBD,70710124103
Antidiabetics,DPP4 Inhibitors,sitagliptin,2670451,sitagliptin 50 MG Oral Tablet [Zituvio],SBD,70710124109
Antidiabetics,DPP4 Inhibitors,sitagliptin,2670451,sitagliptin 50 MG Oral Tablet [Zituvio],SBD,70771177103
Antidiabetics,DPP4 Inhibitors,sitagliptin,2670451,sitagliptin 50 MG Oral Tablet [Zituvio],SBD,70771177109
Antidiabetics,DPP4 Inhibitors,sitagliptin,2677162,metformin hydrochloride 1000 MG / sitagliptin 50 MG Oral Tablet [Zituvimet],SBD,70710178706
Antidiabetics,DPP4 Inhibitors,sitagliptin,2677162,metformin hydrochloride 1000 MG / sitagliptin 50 MG Oral Tablet [Zituvimet],SBD,70710178708
Antidiabetics,DPP4 Inhibitors,sitagliptin,2677162,metformin hydrochloride 1000 MG / sitagliptin 50 MG Oral Tablet [Zituvimet],SBD,70771186006
Antidiabetics,DPP4 Inhibitors,sitagliptin,2677162,metformin hydrochloride 1000 MG / sitagliptin 50 MG Oral Tablet [Zituvimet],SBD,70771186008
Antidiabetics,DPP4 Inhibitors,sitagliptin,2677164,metformin hydrochloride 500 MG / sitagliptin 50 MG Oral Tablet [Zituvimet],SBD,70710178606
Antidiabetics,DPP4 Inhibitors,sitagliptin,2677164,metformin hydrochloride 500 MG / sitagliptin 50 MG Oral Tablet [Zituvimet],SBD,70710178608
Antidiabetics,DPP4 Inhibitors,sitagliptin,2677164,metformin hydrochloride 500 MG / sitagliptin 50 MG Oral Tablet [Zituvimet],SBD,70771185906
Antidiabetics,DPP4 Inhibitors,sitagliptin,2677164,metformin hydrochloride 500 MG / sitagliptin 50 MG Oral Tablet [Zituvimet],SBD,70771185908
Antidiabetics,DPP4 Inhibitors,sitagliptin,665036,sitagliptin 100 MG Oral Tablet [Januvia],SBD,00006027701
Antidiabetics,DPP4 Inhibitors,sitagliptin,665036,sitagliptin 100 MG Oral Tablet [Januvia],SBD,00006027702
Antidiabetics,DPP4 Inhibitors,sitagliptin,665036,sitagliptin 100 MG Oral Tablet [Januvia],SBD,00006027714
Antidiabetics,DPP4 Inhibitors,sitagliptin,665036,sitagliptin 100 MG Oral Tablet [Januvia],SBD,00006027727
Antidiabetics,DPP4 Inhibitors,sitagliptin,665036,sitagliptin 100 MG Oral Tablet [Januvia],SBD,00006027728
Antidiabetics,DPP4 Inhibitors,sitagliptin,665036,sitagliptin 100 MG Oral Tablet [Januvia],SBD,00006027730
Antidiabetics,DPP4 Inhibitors,sitagliptin,665036,sitagliptin 100 MG Oral Tablet [Januvia],SBD,00006027731
Antidiabetics,DPP4 Inhibitors,sitagliptin,665036,sitagliptin 100 MG Oral Tablet [Januvia],SBD,00006027733
Antidiabetics,DPP4 Inhibitors,sitagliptin,665036,sitagliptin 100 MG Oral Tablet [Januvia],SBD,00006027754
Antidiabetics,DPP4 Inhibitors,sitagliptin,665036,sitagliptin 100 MG Oral Tablet [Januvia],SBD,00006027782
Antidiabetics,DPP4 Inhibitors,sitagliptin,665036,sitagliptin 100 MG Oral Tablet [Januvia],SBD,50090103600
Antidiabetics,DPP4 Inhibitors,sitagliptin,665036,sitagliptin 100 MG Oral Tablet [Januvia],SBD,50090103602
Antidiabetics,DPP4 Inhibitors,sitagliptin,665036,sitagliptin 100 MG Oral Tablet [Januvia],SBD,50090408400
Antidiabetics,DPP4 Inhibitors,sitagliptin,665036,sitagliptin 100 MG Oral Tablet [Januvia],SBD,50090558500
Antidiabetics,DPP4 Inhibitors,sitagliptin,665036,sitagliptin 100 MG Oral Tablet [Januvia],SBD,50090558501
Antidiabetics,DPP4 Inhibitors,sitagliptin,665036,sitagliptin 100 MG Oral Tablet [Januvia],SBD,55154504208
Antidiabetics,DPP4 Inhibitors,sitagliptin,665036,sitagliptin 100 MG Oral Tablet [Januvia],SBD,58118027703
Antidiabetics,DPP4 Inhibitors,sitagliptin,665036,sitagliptin 100 MG Oral Tablet [Januvia],SBD,58118027706
Antidiabetics,DPP4 Inhibitors,sitagliptin,665036,sitagliptin 100 MG Oral Tablet [Januvia],SBD,58118027709
Antidiabetics,DPP4 Inhibitors,sitagliptin,665036,sitagliptin 100 MG Oral Tablet [Januvia],SBD,66105065203
Antidiabetics,DPP4 Inhibitors,sitagliptin,665040,sitagliptin 25 MG Oral Tablet [Januvia],SBD,00006022101
Antidiabetics,DPP4 Inhibitors,sitagliptin,665040,sitagliptin 25 MG Oral Tablet [Januvia],SBD,00006022128
Antidiabetics,DPP4 Inhibitors,sitagliptin,665040,sitagliptin 25 MG Oral Tablet [Januvia],SBD,00006022131
Antidiabetics,DPP4 Inhibitors,sitagliptin,665040,sitagliptin 25 MG Oral Tablet [Januvia],SBD,00006022154
Antidiabetics,DPP4 Inhibitors,sitagliptin,665040,sitagliptin 25 MG Oral Tablet [Januvia],SBD,50090352700
Antidiabetics,DPP4 Inhibitors,sitagliptin,665040,sitagliptin 25 MG Oral Tablet [Januvia],SBD,50090352701
Antidiabetics,DPP4 Inhibitors,sitagliptin,665040,sitagliptin 25 MG Oral Tablet [Januvia],SBD,50090408700
Antidiabetics,DPP4 Inhibitors,sitagliptin,665040,sitagliptin 25 MG Oral Tablet [Januvia],SBD,50090554700
Antidiabetics,DPP4 Inhibitors,sitagliptin,665044,sitagliptin 50 MG Oral Tablet [Januvia],SBD,00006011201
Antidiabetics,DPP4 Inhibitors,sitagliptin,665044,sitagliptin 50 MG Oral Tablet [Januvia],SBD,00006011228
Antidiabetics,DPP4 Inhibitors,sitagliptin,665044,sitagliptin 50 MG Oral Tablet [Januvia],SBD,00006011231
Antidiabetics,DPP4 Inhibitors,sitagliptin,665044,sitagliptin 50 MG Oral Tablet [Januvia],SBD,00006011254
Antidiabetics,DPP4 Inhibitors,sitagliptin,665044,sitagliptin 50 MG Oral Tablet [Januvia],SBD,50090347200
Antidiabetics,DPP4 Inhibitors,sitagliptin,665044,sitagliptin 50 MG Oral Tablet [Januvia],SBD,50090347201
Antidiabetics,DPP4 Inhibitors,sitagliptin,665044,sitagliptin 50 MG Oral Tablet [Januvia],SBD,50090408600
Antidiabetics,DPP4 Inhibitors,sitagliptin,665044,sitagliptin 50 MG Oral Tablet [Januvia],SBD,50090551700
Antidiabetics,DPP4 Inhibitors,sitagliptin,665044,sitagliptin 50 MG Oral Tablet [Januvia],SBD,50090551701
Antidiabetics,DPP4 Inhibitors,sitagliptin,665044,sitagliptin 50 MG Oral Tablet [Januvia],SBD,55154504008
Antidiabetics,DPP4 Inhibitors,sitagliptin,861771,metformin hydrochloride 1000 MG / sitagliptin 50 MG Oral Tablet [Janumet],SBD,00006057701
Antidiabetics,DPP4 Inhibitors,sitagliptin,861771,metformin hydrochloride 1000 MG / sitagliptin 50 MG Oral Tablet [Janumet],SBD,00006057702
Antidiabetics,DPP4 Inhibitors,sitagliptin,861771,metformin hydrochloride 1000 MG / sitagliptin 50 MG Oral Tablet [Janumet],SBD,00006057703
Antidiabetics,DPP4 Inhibitors,sitagliptin,861771,metformin hydrochloride 1000 MG / sitagliptin 50 MG Oral Tablet [Janumet],SBD,00006057756
Antidiabetics,DPP4 Inhibitors,sitagliptin,861771,metformin hydrochloride 1000 MG / sitagliptin 50 MG Oral Tablet [Janumet],SBD,00006057761
Antidiabetics,DPP4 Inhibitors,sitagliptin,861771,metformin hydrochloride 1000 MG / sitagliptin 50 MG Oral Tablet [Janumet],SBD,00006057762
Antidiabetics,DPP4 Inhibitors,sitagliptin,861771,metformin hydrochloride 1000 MG / sitagliptin 50 MG Oral Tablet [Janumet],SBD,00006057782
Antidiabetics,DPP4 Inhibitors,sitagliptin,861771,metformin hydrochloride 1000 MG / sitagliptin 50 MG Oral Tablet [Janumet],SBD,50090550200
Antidiabetics,DPP4 Inhibitors,sitagliptin,861771,metformin hydrochloride 1000 MG / sitagliptin 50 MG Oral Tablet [Janumet],SBD,50090550201
Antidiabetics,DPP4 Inhibitors,sitagliptin,861771,metformin hydrochloride 1000 MG / sitagliptin 50 MG Oral Tablet [Janumet],SBD,50090550300
Antidiabetics,DPP4 Inhibitors,sitagliptin,861821,metformin hydrochloride 500 MG / sitagliptin 50 MG Oral Tablet [Janumet],SBD,00006057501
Antidiabetics,DPP4 Inhibitors,sitagliptin,861821,metformin hydrochloride 500 MG / sitagliptin 50 MG Oral Tablet [Janumet],SBD,00006057502
Antidiabetics,DPP4 Inhibitors,sitagliptin,861821,metformin hydrochloride 500 MG / sitagliptin 50 MG Oral Tablet [Janumet],SBD,00006057503
Antidiabetics,DPP4 Inhibitors,sitagliptin,861821,metformin hydrochloride 500 MG / sitagliptin 50 MG Oral Tablet [Janumet],SBD,00006057556
Antidiabetics,DPP4 Inhibitors,sitagliptin,861821,metformin hydrochloride 500 MG / sitagliptin 50 MG Oral Tablet [Janumet],SBD,00006057561
Antidiabetics,DPP4 Inhibitors,sitagliptin,861821,metformin hydrochloride 500 MG / sitagliptin 50 MG Oral Tablet [Janumet],SBD,00006057562
Antidiabetics,DPP4 Inhibitors,sitagliptin,861821,metformin hydrochloride 500 MG / sitagliptin 50 MG Oral Tablet [Janumet],SBD,00006057582
Antidiabetics,DPP4 Inhibitors,sitagliptin,861821,metformin hydrochloride 500 MG / sitagliptin 50 MG Oral Tablet [Janumet],SBD,50090561600
Antidiabetics,DPP4 Inhibitors,sitagliptin,861821,metformin hydrochloride 500 MG / sitagliptin 50 MG Oral Tablet [Janumet],SBD,50090561601
Antidiabetics,DPP4 Inhibitors,sitagliptin,861821,metformin hydrochloride 500 MG / sitagliptin 50 MG Oral Tablet [Janumet],SBD,50090561800
Antidiabetics,DPP4 Inhibitors,sitagliptin,1243829,metformin hydrochloride 1000 MG / sitagliptin 100 MG [Janumet],SBDC,
Antidiabetics,DPP4 Inhibitors,sitagliptin,1992828,ertugliflozin 15 MG / sitagliptin 100 MG [Steglujan],SBDC,
Antidiabetics,DPP4 Inhibitors,sitagliptin,1992836,ertugliflozin 5 MG / sitagliptin 100 MG [Steglujan],SBDC,
Antidiabetics,DPP4 Inhibitors,sitagliptin,2670443,sitagliptin 100 MG [Zituvio],SBDC,
Antidiabetics,DPP4 Inhibitors,sitagliptin,2670448,sitagliptin 25 MG [Zituvio],SBDC,
Antidiabetics,DPP4 Inhibitors,sitagliptin,2670450,sitagliptin 50 MG [Zituvio],SBDC,
Antidiabetics,DPP4 Inhibitors,sitagliptin,2677157,metformin hydrochloride 1000 MG / sitagliptin 50 MG [Zituvimet],SBDC,
Antidiabetics,DPP4 Inhibitors,sitagliptin,2677163,metformin hydrochloride 500 MG / sitagliptin 50 MG [Zituvimet],SBDC,
Antidiabetics,DPP4 Inhibitors,sitagliptin,665034,sitagliptin 100 MG [Januvia],SBDC,
Antidiabetics,DPP4 Inhibitors,sitagliptin,665039,sitagliptin 25 MG [Januvia],SBDC,
Antidiabetics,DPP4 Inhibitors,sitagliptin,665043,sitagliptin 50 MG [Januvia],SBDC,
Antidiabetics,DPP4 Inhibitors,sitagliptin,861770,metformin hydrochloride 1000 MG / sitagliptin 50 MG [Janumet],SBDC,
Antidiabetics,DPP4 Inhibitors,sitagliptin,861820,metformin hydrochloride 500 MG / sitagliptin 50 MG [Janumet],SBDC,
Antidiabetics,DPP4 Inhibitors,sitagliptin,1243839,metformin / sitagliptin Extended Release Oral Tablet [Janumet],SBDF,
Antidiabetics,DPP4 Inhibitors,sitagliptin,1992829,ertugliflozin / sitagliptin Oral Tablet [Steglujan],SBDF,
Antidiabetics,DPP4 Inhibitors,sitagliptin,2670446,sitagliptin Oral Tablet [Zituvio],SBDF,
Antidiabetics,DPP4 Inhibitors,sitagliptin,2677160,metformin / sitagliptin Oral Tablet [Zituvimet],SBDF,
Antidiabetics,DPP4 Inhibitors,sitagliptin,665035,sitagliptin Oral Tablet [Januvia],SBDF,
Antidiabetics,DPP4 Inhibitors,sitagliptin,757603,metformin / sitagliptin Oral Tablet [Janumet],SBDF,
Antidiabetics,DPP4 Inhibitors,sitagliptin,1167810,Janumet Oral Product,SBDG,
Antidiabetics,DPP4 Inhibitors,sitagliptin,1167811,Janumet Pill,SBDG,
Antidiabetics,DPP4 Inhibitors,sitagliptin,1167814,Januvia Oral Product,SBDG,
Antidiabetics,DPP4 Inhibitors,sitagliptin,1167815,Januvia Pill,SBDG,
Antidiabetics,DPP4 Inhibitors,sitagliptin,1992830,Steglujan Oral Product,SBDG,
Antidiabetics,DPP4 Inhibitors,sitagliptin,1992831,Steglujan Pill,SBDG,
Antidiabetics,DPP4 Inhibitors,sitagliptin,2670444,Zituvio Oral Product,SBDG,
Antidiabetics,DPP4 Inhibitors,sitagliptin,2670445,Zituvio Pill,SBDG,
Antidiabetics,DPP4 Inhibitors,sitagliptin,2677158,Zituvimet Oral Product,SBDG,
Antidiabetics,DPP4 Inhibitors,sitagliptin,2677159,Zituvimet Pill,SBDG,
Antidiabetics,DPP4 Inhibitors,sitagliptin,1243827,24 HR metformin hydrochloride 1000 MG / sitagliptin 100 MG Extended Release Oral Tablet,SCD,
Antidiabetics,DPP4 Inhibitors,sitagliptin,1243842,24 HR metformin hydrochloride 1000 MG / sitagliptin 50 MG Extended Release Oral Tablet,SCD,
Antidiabetics,DPP4 Inhibitors,sitagliptin,1243846,24 HR metformin hydrochloride 500 MG / sitagliptin 50 MG Extended Release Oral Tablet,SCD,
Antidiabetics,DPP4 Inhibitors,sitagliptin,1992826,ertugliflozin 15 MG / sitagliptin 100 MG Oral Tablet,SCD,
Antidiabetics,DPP4 Inhibitors,sitagliptin,1992835,ertugliflozin 5 MG / sitagliptin 100 MG Oral Tablet,SCD,
Antidiabetics,DPP4 Inhibitors,sitagliptin,665033,sitagliptin 100 MG Oral Tablet,SCD,70710190103
Antidiabetics,DPP4 Inhibitors,sitagliptin,665033,sitagliptin 100 MG Oral Tablet,SCD,70710190109
Antidiabetics,DPP4 Inhibitors,sitagliptin,665033,sitagliptin 100 MG Oral Tablet,SCD,70771179203
Antidiabetics,DPP4 Inhibitors,sitagliptin,665033,sitagliptin 100 MG Oral Tablet,SCD,70771179209
Antidiabetics,DPP4 Inhibitors,sitagliptin,665038,sitagliptin 25 MG Oral Tablet,SCD,70710189903
Antidiabetics,DPP4 Inhibitors,sitagliptin,665038,sitagliptin 25 MG Oral Tablet,SCD,70710189909
Antidiabetics,DPP4 Inhibitors,sitagliptin,665038,sitagliptin 25 MG Oral Tablet,SCD,70771179003
Antidiabetics,DPP4 Inhibitors,sitagliptin,665038,sitagliptin 25 MG Oral Tablet,SCD,70771179009
Antidiabetics,DPP4 Inhibitors,sitagliptin,665042,sitagliptin 50 MG Oral Tablet,SCD,70710190003
Antidiabetics,DPP4 Inhibitors,sitagliptin,665042,sitagliptin 50 MG Oral Tablet,SCD,70710190009
Antidiabetics,DPP4 Inhibitors,sitagliptin,665042,sitagliptin 50 MG Oral Tablet,SCD,70771179103
Antidiabetics,DPP4 Inhibitors,sitagliptin,665042,sitagliptin 50 MG Oral Tablet,SCD,70771179109
Antidiabetics,DPP4 Inhibitors,sitagliptin,861769,metformin hydrochloride 1000 MG / sitagliptin 50 MG Oral Tablet,SCD,70710198706
Antidiabetics,DPP4 Inhibitors,sitagliptin,861769,metformin hydrochloride 1000 MG / sitagliptin 50 MG Oral Tablet,SCD,70710198708
Antidiabetics,DPP4 Inhibitors,sitagliptin,861769,metformin hydrochloride 1000 MG / sitagliptin 50 MG Oral Tablet,SCD,70771187006
Antidiabetics,DPP4 Inhibitors,sitagliptin,861769,metformin hydrochloride 1000 MG / sitagliptin 50 MG Oral Tablet,SCD,70771187008
Antidiabetics,DPP4 Inhibitors,sitagliptin,861819,metformin hydrochloride 500 MG / sitagliptin 50 MG Oral Tablet,SCD,70710198606
Antidiabetics,DPP4 Inhibitors,sitagliptin,861819,metformin hydrochloride 500 MG / sitagliptin 50 MG Oral Tablet,SCD,70710198608
Antidiabetics,DPP4 Inhibitors,sitagliptin,861819,metformin hydrochloride 500 MG / sitagliptin 50 MG Oral Tablet,SCD,70771186906
Antidiabetics,DPP4 Inhibitors,sitagliptin,861819,metformin hydrochloride 500 MG / sitagliptin 50 MG Oral Tablet,SCD,70771186908
Antidiabetics,DPP4 Inhibitors,sitagliptin,665031,sitagliptin 100 MG,SCDC,
Antidiabetics,DPP4 Inhibitors,sitagliptin,665037,sitagliptin 25 MG,SCDC,
Antidiabetics,DPP4 Inhibitors,sitagliptin,665041,sitagliptin 50 MG,SCDC,
Antidiabetics,DPP4 Inhibitors,sitagliptin,1189802,simvastatin / sitagliptin Oral Tablet,SCDF,
Antidiabetics,DPP4 Inhibitors,sitagliptin,1243826,metformin / sitagliptin Extended Release Oral Tablet,SCDF,
Antidiabetics,DPP4 Inhibitors,sitagliptin,1992824,ertugliflozin / sitagliptin Oral Tablet,SCDF,
Antidiabetics,DPP4 Inhibitors,sitagliptin,665032,sitagliptin Oral Tablet,SCDF,
Antidiabetics,DPP4 Inhibitors,sitagliptin,700516,metformin / sitagliptin Oral Tablet,SCDF,
Antidiabetics,DPP4 Inhibitors,sitagliptin,1159662,sitagliptin Oral Product,SCDG,
Antidiabetics,DPP4 Inhibitors,sitagliptin,1159663,sitagliptin Pill,SCDG,
Antidiabetics,DPP4 Inhibitors,sitagliptin,1161607,metformin / sitagliptin Oral Product,SCDG,
Antidiabetics,DPP4 Inhibitors,sitagliptin,1161608,metformin / sitagliptin Pill,SCDG,
Antidiabetics,DPP4 Inhibitors,sitagliptin,1992822,ertugliflozin / sitagliptin Oral Product,SCDG,
Antidiabetics,DPP4 Inhibitors,sitagliptin,1992823,ertugliflozin / sitagliptin Pill,SCDG,
Antidiabetics,DPP4 Inhibitors,saxagliptin,857974,saxagliptin,IN,
Antidiabetics,DPP4 Inhibitors,saxagliptin,1043562,metformin / saxagliptin,MIN,
Antidiabetics,DPP4 Inhibitors,saxagliptin,1727500,dapagliflozin / saxagliptin,MIN,
Antidiabetics,DPP4 Inhibitors,saxagliptin,2117292,dapagliflozin / metformin / saxagliptin,MIN,
Antidiabetics,DPP4 Inhibitors,saxagliptin,1043560,saxagliptin hydrochloride,PIN,
Antidiabetics,DPP4 Inhibitors,saxagliptin,1546030,saxagliptin anhydrous,PIN,
Antidiabetics,DPP4 Inhibitors,saxagliptin,2643444,saxagliptin hydrochloride dihydrate,PIN,
Antidiabetics,DPP4 Inhibitors,saxagliptin,1043567,24 HR metformin hydrochloride 1000 MG / saxagliptin 2.5 MG Extended Release Oral Tablet [Kombiglyze],SBD,00310612560
Antidiabetics,DPP4 Inhibitors,saxagliptin,1043567,24 HR metformin hydrochloride 1000 MG / saxagliptin 2.5 MG Extended Release Oral Tablet [Kombiglyze],SBD,00310612592
Antidiabetics,DPP4 Inhibitors,saxagliptin,1043574,24 HR metformin hydrochloride 1000 MG / saxagliptin 5 MG Extended Release Oral Tablet [Kombiglyze],SBD,00310614530
Antidiabetics,DPP4 Inhibitors,saxagliptin,1043574,24 HR metformin hydrochloride 1000 MG / saxagliptin 5 MG Extended Release Oral Tablet [Kombiglyze],SBD,00310614595
Antidiabetics,DPP4 Inhibitors,saxagliptin,1043582,24 HR metformin hydrochloride 500 MG / saxagliptin 5 MG Extended Release Oral Tablet [Kombiglyze],SBD,00310613530
Antidiabetics,DPP4 Inhibitors,saxagliptin,1043582,24 HR metformin hydrochloride 500 MG / saxagliptin 5 MG Extended Release Oral Tablet [Kombiglyze],SBD,00310613595
Antidiabetics,DPP4 Inhibitors,saxagliptin,1925504,dapagliflozin 10 MG / saxagliptin 5 MG Oral Tablet [Qtern],SBD,00310678030
Antidiabetics,DPP4 Inhibitors,saxagliptin,1925504,dapagliflozin 10 MG / saxagliptin 5 MG Oral Tablet [Qtern],SBD,00310678095
Antidiabetics,DPP4 Inhibitors,saxagliptin,2169276,dapagliflozin 5 MG / saxagliptin 5 MG Oral Tablet [Qtern],SBD,00310677030
Antidiabetics,DPP4 Inhibitors,saxagliptin,2169276,dapagliflozin 5 MG / saxagliptin 5 MG Oral Tablet [Qtern],SBD,00310677095
Antidiabetics,DPP4 Inhibitors,saxagliptin,858040,saxagliptin 5 MG Oral Tablet [Onglyza],SBD,00310610530
Antidiabetics,DPP4 Inhibitors,saxagliptin,858040,saxagliptin 5 MG Oral Tablet [Onglyza],SBD,00310610550
Antidiabetics,DPP4 Inhibitors,saxagliptin,858040,saxagliptin 5 MG Oral Tablet [Onglyza],SBD,00310610590
Antidiabetics,DPP4 Inhibitors,saxagliptin,858040,saxagliptin 5 MG Oral Tablet [Onglyza],SBD,00310610595
Antidiabetics,DPP4 Inhibitors,saxagliptin,858040,saxagliptin 5 MG Oral Tablet [Onglyza],SBD,55154693102
Antidiabetics,DPP4 Inhibitors,saxagliptin,858044,saxagliptin 2.5 MG Oral Tablet [Onglyza],SBD,00310610030
Antidiabetics,DPP4 Inhibitors,saxagliptin,858044,saxagliptin 2.5 MG Oral Tablet [Onglyza],SBD,00310610090
Antidiabetics,DPP4 Inhibitors,saxagliptin,858044,saxagliptin 2.5 MG Oral Tablet [Onglyza],SBD,00310610095
Antidiabetics,DPP4 Inhibitors,saxagliptin,1043565,metformin hydrochloride 1000 MG / saxagliptin 2.5 MG [Kombiglyze],SBDC,
Antidiabetics,DPP4 Inhibitors,saxagliptin,1043572,metformin hydrochloride 1000 MG / saxagliptin 5 MG [Kombiglyze],SBDC,
Antidiabetics,DPP4 Inhibitors,saxagliptin,1043580,metformin hydrochloride 500 MG / saxagliptin 5 MG [Kombiglyze],SBDC,
Antidiabetics,DPP4 Inhibitors,saxagliptin,1925500,dapagliflozin 10 MG / saxagliptin 5 MG [Qtern],SBDC,
Antidiabetics,DPP4 Inhibitors,saxagliptin,2169275,dapagliflozin 5 MG / saxagliptin 5 MG [Qtern],SBDC,
Antidiabetics,DPP4 Inhibitors,saxagliptin,858038,saxagliptin 5 MG [Onglyza],SBDC,
Antidiabetics,DPP4 Inhibitors,saxagliptin,858043,saxagliptin 2.5 MG [Onglyza],SBDC,
Antidiabetics,DPP4 Inhibitors,saxagliptin,1043566,metformin / saxagliptin Extended Release Oral Tablet [Kombiglyze],SBDF,
Antidiabetics,DPP4 Inhibitors,saxagliptin,1925501,dapagliflozin / saxagliptin Oral Tablet [Qtern],SBDF,
Antidiabetics,DPP4 Inhibitors,saxagliptin,858039,saxagliptin Oral Tablet [Onglyza],SBDF,
Antidiabetics,DPP4 Inhibitors,saxagliptin,1172860,Kombiglyze Pill,SBDG,
Antidiabetics,DPP4 Inhibitors,saxagliptin,1172861,Kombiglyze Oral Product,SBDG,
Antidiabetics,DPP4 Inhibitors,saxagliptin,1181729,Onglyza Oral Product,SBDG,
Antidiabetics,DPP4 Inhibitors,saxagliptin,1181730,Onglyza Pill,SBDG,
Antidiabetics,DPP4 Inhibitors,saxagliptin,1925502,Qtern Oral Product,SBDG,
Antidiabetics,DPP4 Inhibitors,saxagliptin,1925503,Qtern Pill,SBDG,
Antidiabetics,DPP4 Inhibitors,saxagliptin,1043563,24 HR metformin hydrochloride 1000 MG / saxagliptin 2.5 MG Extended Release Oral Tablet,SCD,00378817691
Antidiabetics,DPP4 Inhibitors,saxagliptin,1043563,24 HR metformin hydrochloride 1000 MG / saxagliptin 2.5 MG Extended Release Oral Tablet,SCD,00378817693
Antidiabetics,DPP4 Inhibitors,saxagliptin,1043563,24 HR metformin hydrochloride 1000 MG / saxagliptin 2.5 MG Extended Release Oral Tablet,SCD,43598061860
Antidiabetics,DPP4 Inhibitors,saxagliptin,1043570,24 HR metformin hydrochloride 1000 MG / saxagliptin 5 MG Extended Release Oral Tablet,SCD,00378817777
Antidiabetics,DPP4 Inhibitors,saxagliptin,1043570,24 HR metformin hydrochloride 1000 MG / saxagliptin 5 MG Extended Release Oral Tablet,SCD,00378817793
Antidiabetics,DPP4 Inhibitors,saxagliptin,1043570,24 HR metformin hydrochloride 1000 MG / saxagliptin 5 MG Extended Release Oral Tablet,SCD,43598061930
Antidiabetics,DPP4 Inhibitors,saxagliptin,1043578,24 HR metformin hydrochloride 500 MG / saxagliptin 5 MG Extended Release Oral Tablet,SCD,00378817577
Antidiabetics,DPP4 Inhibitors,saxagliptin,1043578,24 HR metformin hydrochloride 500 MG / saxagliptin 5 MG Extended Release Oral Tablet,SCD,00378817593
Antidiabetics,DPP4 Inhibitors,saxagliptin,1043578,24 HR metformin hydrochloride 500 MG / saxagliptin 5 MG Extended Release Oral Tablet,SCD,43598062030
Antidiabetics,DPP4 Inhibitors,saxagliptin,1925498,dapagliflozin 10 MG / saxagliptin 5 MG Oral Tablet,SCD,
Antidiabetics,DPP4 Inhibitors,saxagliptin,2169274,dapagliflozin 5 MG / saxagliptin 5 MG Oral Tablet,SCD,
Antidiabetics,DPP4 Inhibitors,saxagliptin,858036,saxagliptin 5 MG Oral Tablet,SCD,00378470605
Antidiabetics,DPP4 Inhibitors,saxagliptin,858036,saxagliptin 5 MG Oral Tablet,SCD,00378470677
Antidiabetics,DPP4 Inhibitors,saxagliptin,858036,saxagliptin 5 MG Oral Tablet,SCD,00378470693
Antidiabetics,DPP4 Inhibitors,saxagliptin,858036,saxagliptin 5 MG Oral Tablet,SCD,65162006003
Antidiabetics,DPP4 Inhibitors,saxagliptin,858036,saxagliptin 5 MG Oral Tablet,SCD,65162006009
Antidiabetics,DPP4 Inhibitors,saxagliptin,858036,saxagliptin 5 MG Oral Tablet,SCD,65162006050
Antidiabetics,DPP4 Inhibitors,saxagliptin,858036,saxagliptin 5 MG Oral Tablet,SCD,65862082601
Antidiabetics,DPP4 Inhibitors,saxagliptin,858036,saxagliptin 5 MG Oral Tablet,SCD,65862082605
Antidiabetics,DPP4 Inhibitors,saxagliptin,858036,saxagliptin 5 MG Oral Tablet,SCD,65862082630
Antidiabetics,DPP4 Inhibitors,saxagliptin,858036,saxagliptin 5 MG Oral Tablet,SCD,65862082690
Antidiabetics,DPP4 Inhibitors,saxagliptin,858036,saxagliptin 5 MG Oral Tablet,SCD,68462072705
Antidiabetics,DPP4 Inhibitors,saxagliptin,858036,saxagliptin 5 MG Oral Tablet,SCD,68462072714
Antidiabetics,DPP4 Inhibitors,saxagliptin,858036,saxagliptin 5 MG Oral Tablet,SCD,68462072730
Antidiabetics,DPP4 Inhibitors,saxagliptin,858036,saxagliptin 5 MG Oral Tablet,SCD,68462072790
Antidiabetics,DPP4 Inhibitors,saxagliptin,858042,saxagliptin 2.5 MG Oral Tablet,SCD,00378470577
Antidiabetics,DPP4 Inhibitors,saxagliptin,858042,saxagliptin 2.5 MG Oral Tablet,SCD,00378470593
Antidiabetics,DPP4 Inhibitors,saxagliptin,858042,saxagliptin 2.5 MG Oral Tablet,SCD,65162005903
Antidiabetics,DPP4 Inhibitors,saxagliptin,858042,saxagliptin 2.5 MG Oral Tablet,SCD,65162005909
Antidiabetics,DPP4 Inhibitors,saxagliptin,858042,saxagliptin 2.5 MG Oral Tablet,SCD,65162005950
Antidiabetics,DPP4 Inhibitors,saxagliptin,858042,saxagliptin 2.5 MG Oral Tablet,SCD,65862082501
Antidiabetics,DPP4 Inhibitors,saxagliptin,858042,saxagliptin 2.5 MG Oral Tablet,SCD,65862082505
Antidiabetics,DPP4 Inhibitors,saxagliptin,858042,saxagliptin 2.5 MG Oral Tablet,SCD,65862082530
Antidiabetics,DPP4 Inhibitors,saxagliptin,858042,saxagliptin 2.5 MG Oral Tablet,SCD,65862082590
Antidiabetics,DPP4 Inhibitors,saxagliptin,858042,saxagliptin 2.5 MG Oral Tablet,SCD,68462072605
Antidiabetics,DPP4 Inhibitors,saxagliptin,858042,saxagliptin 2.5 MG Oral Tablet,SCD,68462072630
Antidiabetics,DPP4 Inhibitors,saxagliptin,858042,saxagliptin 2.5 MG Oral Tablet,SCD,68462072690
Antidiabetics,DPP4 Inhibitors,saxagliptin,858034,saxagliptin 5 MG,SCDC,
Antidiabetics,DPP4 Inhibitors,saxagliptin,858041,saxagliptin 2.5 MG,SCDC,
Antidiabetics,DPP4 Inhibitors,saxagliptin,1043561,metformin / saxagliptin Extended Release Oral Tablet,SCDF,
Antidiabetics,DPP4 Inhibitors,saxagliptin,1925497,dapagliflozin / saxagliptin Oral Tablet,SCDF,
Antidiabetics,DPP4 Inhibitors,saxagliptin,858035,saxagliptin Oral Tablet,SCDF,
Antidiabetics,DPP4 Inhibitors,saxagliptin,1158518,saxagliptin Oral Product,SCDG,
Antidiabetics,DPP4 Inhibitors,saxagliptin,1158519,saxagliptin Pill,SCDG,
Antidiabetics,DPP4 Inhibitors,saxagliptin,1161605,metformin / saxagliptin Oral Product,SCDG,
Antidiabetics,DPP4 Inhibitors,saxagliptin,1161606,metformin / saxagliptin Pill,SCDG,
Antidiabetics,DPP4 Inhibitors,saxagliptin,1925495,dapagliflozin / saxagliptin Oral Product,SCDG,
Antidiabetics,DPP4 Inhibitors,saxagliptin,1925496,dapagliflozin / saxagliptin Pill,SCDG,
Antidiabetics,DPP4 Inhibitors,saxagliptin,2371722,dapagliflozin / metformin / saxagliptin Oral Product,SCDG,
Antidiabetics,DPP4 Inhibitors,linagliptin,1100699,linagliptin,IN,
Antidiabetics,DPP4 Inhibitors,linagliptin,1243019,linagliptin / metformin,MIN,
Antidiabetics,DPP4 Inhibitors,linagliptin,1598392,empagliflozin / linagliptin,MIN,
Antidiabetics,DPP4 Inhibitors,linagliptin,2281864,empagliflozin / linagliptin / metformin,MIN,
Antidiabetics,DPP4 Inhibitors,linagliptin,1100706,linagliptin 5 MG Oral Tablet [Tradjenta],SBD,00597014030
Antidiabetics,DPP4 Inhibitors,linagliptin,1100706,linagliptin 5 MG Oral Tablet [Tradjenta],SBD,00597014061
Antidiabetics,DPP4 Inhibitors,linagliptin,1100706,linagliptin 5 MG Oral Tablet [Tradjenta],SBD,00597014070
Antidiabetics,DPP4 Inhibitors,linagliptin,1100706,linagliptin 5 MG Oral Tablet [Tradjenta],SBD,00597014090
Antidiabetics,DPP4 Inhibitors,linagliptin,1100706,linagliptin 5 MG Oral Tablet [Tradjenta],SBD,50090438300
Antidiabetics,DPP4 Inhibitors,linagliptin,1100706,linagliptin 5 MG Oral Tablet [Tradjenta],SBD,55154041008
Antidiabetics,DPP4 Inhibitors,linagliptin,1243026,linagliptin 2.5 MG / metformin hydrochloride 1000 MG Oral Tablet [Jentadueto],SBD,00597014818
Antidiabetics,DPP4 Inhibitors,linagliptin,1243026,linagliptin 2.5 MG / metformin hydrochloride 1000 MG Oral Tablet [Jentadueto],SBD,00597014860
Antidiabetics,DPP4 Inhibitors,linagliptin,1243026,linagliptin 2.5 MG / metformin hydrochloride 1000 MG Oral Tablet [Jentadueto],SBD,00597014866
Antidiabetics,DPP4 Inhibitors,linagliptin,1243033,linagliptin 2.5 MG / metformin hydrochloride 500 MG Oral Tablet [Jentadueto],SBD,00597014618
Antidiabetics,DPP4 Inhibitors,linagliptin,1243033,linagliptin 2.5 MG / metformin hydrochloride 500 MG Oral Tablet [Jentadueto],SBD,00597014660
Antidiabetics,DPP4 Inhibitors,linagliptin,1243033,linagliptin 2.5 MG / metformin hydrochloride 500 MG Oral Tablet [Jentadueto],SBD,00597014666
Antidiabetics,DPP4 Inhibitors,linagliptin,1243040,linagliptin 2.5 MG / metformin hydrochloride 850 MG Oral Tablet [Jentadueto],SBD,00597014718
Antidiabetics,DPP4 Inhibitors,linagliptin,1243040,linagliptin 2.5 MG / metformin hydrochloride 850 MG Oral Tablet [Jentadueto],SBD,00597014760
Antidiabetics,DPP4 Inhibitors,linagliptin,1243040,linagliptin 2.5 MG / metformin hydrochloride 850 MG Oral Tablet [Jentadueto],SBD,00597014766
Antidiabetics,DPP4 Inhibitors,linagliptin,1602115,empagliflozin 10 MG / linagliptin 5 MG Oral Tablet [Glyxambi],SBD,00597018207
Antidiabetics,DPP4 Inhibitors,linagliptin,1602115,empagliflozin 10 MG / linagliptin 5 MG Oral Tablet [Glyxambi],SBD,00597018230
Antidiabetics,DPP4 Inhibitors,linagliptin,1602115,empagliflozin 10 MG / linagliptin 5 MG Oral Tablet [Glyxambi],SBD,00597018239
Antidiabetics,DPP4 Inhibitors,linagliptin,1602115,empagliflozin 10 MG / linagliptin 5 MG Oral Tablet [Glyxambi],SBD,00597018290
Antidiabetics,DPP4 Inhibitors,linagliptin,1602120,empagliflozin 25 MG / linagliptin 5 MG Oral Tablet [Glyxambi],SBD,00597016407
Antidiabetics,DPP4 Inhibitors,linagliptin,1602120,empagliflozin 25 MG / linagliptin 5 MG Oral Tablet [Glyxambi],SBD,00597016430
Antidiabetics,DPP4 Inhibitors,linagliptin,1602120,empagliflozin 25 MG / linagliptin 5 MG Oral Tablet [Glyxambi],SBD,00597016439
Antidiabetics,DPP4 Inhibitors,linagliptin,1602120,empagliflozin 25 MG / linagliptin 5 MG Oral Tablet [Glyxambi],SBD,00597016490
Antidiabetics,DPP4 Inhibitors,linagliptin,1796091,24 HR linagliptin 2.5 MG / metformin hydrochloride 1000 MG Extended Release Oral Tablet [Jentadueto],SBD,00597027012
Antidiabetics,DPP4 Inhibitors,linagliptin,1796091,24 HR linagliptin 2.5 MG / metformin hydrochloride 1000 MG Extended Release Oral Tablet [Jentadueto],SBD,00597027073
Antidiabetics,DPP4 Inhibitors,linagliptin,1796091,24 HR linagliptin 2.5 MG / metformin hydrochloride 1000 MG Extended Release Oral Tablet [Jentadueto],SBD,00597027094
Antidiabetics,DPP4 Inhibitors,linagliptin,1796096,24 HR linagliptin 5 MG / metformin hydrochloride 1000 MG Extended Release Oral Tablet [Jentadueto],SBD,00597027533
Antidiabetics,DPP4 Inhibitors,linagliptin,1796096,24 HR linagliptin 5 MG / metformin hydrochloride 1000 MG Extended Release Oral Tablet [Jentadueto],SBD,00597027581
Antidiabetics,DPP4 Inhibitors,linagliptin,1796096,24 HR linagliptin 5 MG / metformin hydrochloride 1000 MG Extended Release Oral Tablet [Jentadueto],SBD,00597027588
Antidiabetics,DPP4 Inhibitors,linagliptin,2359285,24 HR empagliflozin 10 MG / linagliptin 5 MG / metformin hydrochloride 1000 MG Extended Release Oral Tablet [Trijardy],SBD,00597038013
Antidiabetics,DPP4 Inhibitors,linagliptin,2359285,24 HR empagliflozin 10 MG / linagliptin 5 MG / metformin hydrochloride 1000 MG Extended Release Oral Tablet [Trijardy],SBD,00597038022
Antidiabetics,DPP4 Inhibitors,linagliptin,2359285,24 HR empagliflozin 10 MG / linagliptin 5 MG / metformin hydrochloride 1000 MG Extended Release Oral Tablet [Trijardy],SBD,00597038068
Antidiabetics,DPP4 Inhibitors,linagliptin,2359290,24 HR empagliflozin 12.5 MG / linagliptin 2.5 MG / metformin hydrochloride 1000 MG Extended Release Oral Tablet [Trijardy],SBD,00597038577
Antidiabetics,DPP4 Inhibitors,linagliptin,2359290,24 HR empagliflozin 12.5 MG / linagliptin 2.5 MG / metformin hydrochloride 1000 MG Extended Release Oral Tablet [Trijardy],SBD,00597038586
Antidiabetics,DPP4 Inhibitors,linagliptin,2359290,24 HR empagliflozin 12.5 MG / linagliptin 2.5 MG / metformin hydrochloride 1000 MG Extended Release Oral Tablet [Trijardy],SBD,00597038588
Antidiabetics,DPP4 Inhibitors,linagliptin,2359353,24 HR empagliflozin 25 MG / linagliptin 5 MG / metformin hydrochloride 1000 MG Extended Release Oral Tablet [Trijardy],SBD,00597039013
Antidiabetics,DPP4 Inhibitors,linagliptin,2359353,24 HR empagliflozin 25 MG / linagliptin 5 MG / metformin hydrochloride 1000 MG Extended Release Oral Tablet [Trijardy],SBD,00597039031
Antidiabetics,DPP4 Inhibitors,linagliptin,2359353,24 HR empagliflozin 25 MG / linagliptin 5 MG / metformin hydrochloride 1000 MG Extended Release Oral Tablet [Trijardy],SBD,00597039071
Antidiabetics,DPP4 Inhibitors,linagliptin,2359358,24 HR empagliflozin 5 MG / linagliptin 2.5 MG / metformin hydrochloride 1000 MG Extended Release Oral Tablet [Trijardy],SBD,00597039523
Antidiabetics,DPP4 Inhibitors,linagliptin,2359358,24 HR empagliflozin 5 MG / linagliptin 2.5 MG / metformin hydrochloride 1000 MG Extended Release Oral Tablet [Trijardy],SBD,00597039552
Antidiabetics,DPP4 Inhibitors,linagliptin,2359358,24 HR empagliflozin 5 MG / linagliptin 2.5 MG / metformin hydrochloride 1000 MG Extended Release Oral Tablet [Trijardy],SBD,00597039582
Antidiabetics,DPP4 Inhibitors,linagliptin,1100704,linagliptin 5 MG [Tradjenta],SBDC,
Antidiabetics,DPP4 Inhibitors,linagliptin,1243022,linagliptin 2.5 MG / metformin hydrochloride 1000 MG [Jentadueto],SBDC,
Antidiabetics,DPP4 Inhibitors,linagliptin,1243029,linagliptin 2.5 MG / metformin hydrochloride 500 MG [Jentadueto],SBDC,
Antidiabetics,DPP4 Inhibitors,linagliptin,1243036,linagliptin 2.5 MG / metformin hydrochloride 850 MG [Jentadueto],SBDC,
Antidiabetics,DPP4 Inhibitors,linagliptin,1602111,empagliflozin 10 MG / linagliptin 5 MG [Glyxambi],SBDC,
Antidiabetics,DPP4 Inhibitors,linagliptin,1602119,empagliflozin 25 MG / linagliptin 5 MG [Glyxambi],SBDC,
Antidiabetics,DPP4 Inhibitors,linagliptin,1796095,linagliptin 5 MG / metformin hydrochloride 1000 MG [Jentadueto],SBDC,
Antidiabetics,DPP4 Inhibitors,linagliptin,2359281,empagliflozin 10 MG / linagliptin 5 MG / metformin hydrochloride 1000 MG [Trijardy],SBDC,
Antidiabetics,DPP4 Inhibitors,linagliptin,2359289,empagliflozin 12.5 MG / linagliptin 2.5 MG / metformin hydrochloride 1000 MG [Trijardy],SBDC,
Antidiabetics,DPP4 Inhibitors,linagliptin,2359352,empagliflozin 25 MG / linagliptin 5 MG / metformin hydrochloride 1000 MG [Trijardy],SBDC,
Antidiabetics,DPP4 Inhibitors,linagliptin,2359357,empagliflozin 5 MG / linagliptin 2.5 MG / metformin hydrochloride 1000 MG [Trijardy],SBDC,
Antidiabetics,DPP4 Inhibitors,linagliptin,1100705,linagliptin Oral Tablet [Tradjenta],SBDF,
Antidiabetics,DPP4 Inhibitors,linagliptin,1243037,linagliptin / metformin Oral Tablet [Jentadueto],SBDF,
Antidiabetics,DPP4 Inhibitors,linagliptin,1602112,empagliflozin / linagliptin Oral Tablet [Glyxambi],SBDF,
Antidiabetics,DPP4 Inhibitors,linagliptin,1796090,linagliptin / metformin Extended Release Oral Tablet [Jentadueto],SBDF,
Antidiabetics,DPP4 Inhibitors,linagliptin,2359282,empagliflozin / linagliptin / metformin Extended Release Oral Tablet [Trijardy],SBDF,
Antidiabetics,DPP4 Inhibitors,linagliptin,1179163,Tradjenta Oral Product,SBDG,
Antidiabetics,DPP4 Inhibitors,linagliptin,1179164,Tradjenta Pill,SBDG,
Antidiabetics,DPP4 Inhibitors,linagliptin,1243038,Jentadueto Oral Product,SBDG,
Antidiabetics,DPP4 Inhibitors,linagliptin,1243039,Jentadueto Pill,SBDG,
Antidiabetics,DPP4 Inhibitors,linagliptin,1602113,Glyxambi Oral Product,SBDG,
Antidiabetics,DPP4 Inhibitors,linagliptin,1602114,Glyxambi Pill,SBDG,
Antidiabetics,DPP4 Inhibitors,linagliptin,2359283,Trijardy Oral Product,SBDG,
Antidiabetics,DPP4 Inhibitors,linagliptin,2359284,Trijardy Pill,SBDG,
Antidiabetics,DPP4 Inhibitors,linagliptin,1100702,linagliptin 5 MG Oral Tablet,SCD,
Antidiabetics,DPP4 Inhibitors,linagliptin,1243020,linagliptin 2.5 MG / metformin hydrochloride 1000 MG Oral Tablet,SCD,
Antidiabetics,DPP4 Inhibitors,linagliptin,1243027,linagliptin 2.5 MG / metformin hydrochloride 500 MG Oral Tablet,SCD,
Antidiabetics,DPP4 Inhibitors,linagliptin,1243034,linagliptin 2.5 MG / metformin hydrochloride 850 MG Oral Tablet,SCD,
Antidiabetics,DPP4 Inhibitors,linagliptin,1602109,empagliflozin 10 MG / linagliptin 5 MG Oral Tablet,SCD,
Antidiabetics,DPP4 Inhibitors,linagliptin,1602118,empagliflozin 25 MG / linagliptin 5 MG Oral Tablet,SCD,
Antidiabetics,DPP4 Inhibitors,linagliptin,1796089,24 HR linagliptin 2.5 MG / metformin hydrochloride 1000 MG Extended Release Oral Tablet,SCD,
Antidiabetics,DPP4 Inhibitors,linagliptin,1796094,24 HR linagliptin 5 MG / metformin hydrochloride 1000 MG Extended Release Oral Tablet,SCD,
Antidiabetics,DPP4 Inhibitors,linagliptin,2359279,24 HR empagliflozin 10 MG / linagliptin 5 MG / metformin hydrochloride 1000 MG Extended Release Oral Tablet,SCD,
Antidiabetics,DPP4 Inhibitors,linagliptin,2359288,24 HR empagliflozin 12.5 MG / linagliptin 2.5 MG / metformin hydrochloride 1000 MG Extended Release Oral Tablet,SCD,
Antidiabetics,DPP4 Inhibitors,linagliptin,2359351,24 HR empagliflozin 25 MG / linagliptin 5 MG / metformin hydrochloride 1000 MG Extended Release Oral Tablet,SCD,
Antidiabetics,DPP4 Inhibitors,linagliptin,2359356,24 HR empagliflozin 5 MG / linagliptin 2.5 MG / metformin hydrochloride 1000 MG Extended Release Oral Tablet,SCD,
Antidiabetics,DPP4 Inhibitors,linagliptin,1100700,linagliptin 5 MG,SCDC,
Antidiabetics,DPP4 Inhibitors,linagliptin,1243015,linagliptin 2.5 MG,SCDC,
Antidiabetics,DPP4 Inhibitors,linagliptin,1100701,linagliptin Oral Tablet,SCDF,
Antidiabetics,DPP4 Inhibitors,linagliptin,1243018,linagliptin / metformin Oral Tablet,SCDF,
Antidiabetics,DPP4 Inhibitors,linagliptin,1602108,empagliflozin / linagliptin Oral Tablet,SCDF,
Antidiabetics,DPP4 Inhibitors,linagliptin,1796088,linagliptin / metformin Extended Release Oral Tablet,SCDF,
Antidiabetics,DPP4 Inhibitors,linagliptin,2359278,empagliflozin / linagliptin / metformin Extended Release Oral Tablet,SCDF,
Antidiabetics,DPP4 Inhibitors,linagliptin,1164670,linagliptin Oral Product,SCDG,
Antidiabetics,DPP4 Inhibitors,linagliptin,1164671,linagliptin Pill,SCDG,
Antidiabetics,DPP4 Inhibitors,linagliptin,1243016,linagliptin / metformin Oral Product,SCDG,
Antidiabetics,DPP4 Inhibitors,linagliptin,1243017,linagliptin / metformin Pill,SCDG,
Antidiabetics,DPP4 Inhibitors,linagliptin,1602106,empagliflozin / linagliptin Oral Product,SCDG,
Antidiabetics,DPP4 Inhibitors,linagliptin,1602107,empagliflozin / linagliptin Pill,SCDG,
Antidiabetics,DPP4 Inhibitors,linagliptin,2359276,empagliflozin / linagliptin / metformin Oral Product,SCDG,
Antidiabetics,DPP4 Inhibitors,linagliptin,2359277,empagliflozin / linagliptin / metformin Pill,SCDG,
Antidiabetics,DPP4 Inhibitors,alogliptin,1368001,alogliptin,IN,
Antidiabetics,DPP4 Inhibitors,alogliptin,1368384,alogliptin / metformin,MIN,
Antidiabetics,DPP4 Inhibitors,alogliptin,1368402,alogliptin / pioglitazone,MIN,
Antidiabetics,DPP4 Inhibitors,alogliptin,1368000,alogliptin benzoate,PIN,
Antidiabetics,DPP4 Inhibitors,alogliptin,1368012,alogliptin 25 MG Oral Tablet [Nesina],SBD,64764025002
Antidiabetics,DPP4 Inhibitors,alogliptin,1368012,alogliptin 25 MG Oral Tablet [Nesina],SBD,64764025030
Antidiabetics,DPP4 Inhibitors,alogliptin,1368012,alogliptin 25 MG Oral Tablet [Nesina],SBD,64764025050
Antidiabetics,DPP4 Inhibitors,alogliptin,1368012,alogliptin 25 MG Oral Tablet [Nesina],SBD,64764025090
Antidiabetics,DPP4 Inhibitors,alogliptin,1368020,alogliptin 6.25 MG Oral Tablet [Nesina],SBD,64764062530
Antidiabetics,DPP4 Inhibitors,alogliptin,1368020,alogliptin 6.25 MG Oral Tablet [Nesina],SBD,64764062590
Antidiabetics,DPP4 Inhibitors,alogliptin,1368036,alogliptin 12.5 MG Oral Tablet [Nesina],SBD,64764012502
Antidiabetics,DPP4 Inhibitors,alogliptin,1368036,alogliptin 12.5 MG Oral Tablet [Nesina],SBD,64764012530
Antidiabetics,DPP4 Inhibitors,alogliptin,1368036,alogliptin 12.5 MG Oral Tablet [Nesina],SBD,64764012550
Antidiabetics,DPP4 Inhibitors,alogliptin,1368036,alogliptin 12.5 MG Oral Tablet [Nesina],SBD,64764012590
Antidiabetics,DPP4 Inhibitors,alogliptin,1368391,alogliptin 12.5 MG / metformin hydrochloride 1000 MG Oral Tablet [Kazano],SBD,64764033701
Antidiabetics,DPP4 Inhibitors,alogliptin,1368391,alogliptin 12.5 MG / metformin hydrochloride 1000 MG Oral Tablet [Kazano],SBD,64764033760
Antidiabetics,DPP4 Inhibitors,alogliptin,1368391,alogliptin 12.5 MG / metformin hydrochloride 1000 MG Oral Tablet [Kazano],SBD,64764033777
Antidiabetics,DPP4 Inhibitors,alogliptin,1368391,alogliptin 12.5 MG / metformin hydrochloride 1000 MG Oral Tablet [Kazano],SBD,64764033780
Antidiabetics,DPP4 Inhibitors,alogliptin,1368398,alogliptin 12.5 MG / metformin hydrochloride 500 MG Oral Tablet [Kazano],SBD,64764033501
Antidiabetics,DPP4 Inhibitors,alogliptin,1368398,alogliptin 12.5 MG / metformin hydrochloride 500 MG Oral Tablet [Kazano],SBD,64764033560
Antidiabetics,DPP4 Inhibitors,alogliptin,1368398,alogliptin 12.5 MG / metformin hydrochloride 500 MG Oral Tablet [Kazano],SBD,64764033577
Antidiabetics,DPP4 Inhibitors,alogliptin,1368398,alogliptin 12.5 MG / metformin hydrochloride 500 MG Oral Tablet [Kazano],SBD,64764033580
Antidiabetics,DPP4 Inhibitors,alogliptin,1368409,alogliptin 12.5 MG / pioglitazone 15 MG Oral Tablet [Oseni],SBD,64764012103
Antidiabetics,DPP4 Inhibitors,alogliptin,1368416,alogliptin 12.5 MG / pioglitazone 30 MG Oral Tablet [Oseni],SBD,64764012303
Antidiabetics,DPP4 Inhibitors,alogliptin,1368416,alogliptin 12.5 MG / pioglitazone 30 MG Oral Tablet [Oseni],SBD,64764012304
Antidiabetics,DPP4 Inhibitors,alogliptin,1368416,alogliptin 12.5 MG / pioglitazone 30 MG Oral Tablet [Oseni],SBD,64764012305
Antidiabetics,DPP4 Inhibitors,alogliptin,1368423,alogliptin 12.5 MG / pioglitazone 45 MG Oral Tablet [Oseni],SBD,64764012403
Antidiabetics,DPP4 Inhibitors,alogliptin,1368430,alogliptin 25 MG / pioglitazone 15 MG Oral Tablet [Oseni],SBD,64764025103
Antidiabetics,DPP4 Inhibitors,alogliptin,1368430,alogliptin 25 MG / pioglitazone 15 MG Oral Tablet [Oseni],SBD,64764025104
Antidiabetics,DPP4 Inhibitors,alogliptin,1368430,alogliptin 25 MG / pioglitazone 15 MG Oral Tablet [Oseni],SBD,64764025105
Antidiabetics,DPP4 Inhibitors,alogliptin,1368437,alogliptin 25 MG / pioglitazone 30 MG Oral Tablet [Oseni],SBD,64764025303
Antidiabetics,DPP4 Inhibitors,alogliptin,1368437,alogliptin 25 MG / pioglitazone 30 MG Oral Tablet [Oseni],SBD,64764025304
Antidiabetics,DPP4 Inhibitors,alogliptin,1368437,alogliptin 25 MG / pioglitazone 30 MG Oral Tablet [Oseni],SBD,64764025305
Antidiabetics,DPP4 Inhibitors,alogliptin,1368444,alogliptin 25 MG / pioglitazone 45 MG Oral Tablet [Oseni],SBD,64764025403
Antidiabetics,DPP4 Inhibitors,alogliptin,1368444,alogliptin 25 MG / pioglitazone 45 MG Oral Tablet [Oseni],SBD,64764025404
Antidiabetics,DPP4 Inhibitors,alogliptin,1368444,alogliptin 25 MG / pioglitazone 45 MG Oral Tablet [Oseni],SBD,64764025405
Antidiabetics,DPP4 Inhibitors,alogliptin,1368008,alogliptin 25 MG [Nesina],SBDC,
Antidiabetics,DPP4 Inhibitors,alogliptin,1368019,alogliptin 6.25 MG [Nesina],SBDC,
Antidiabetics,DPP4 Inhibitors,alogliptin,1368035,alogliptin 12.5 MG [Nesina],SBDC,
Antidiabetics,DPP4 Inhibitors,alogliptin,1368387,alogliptin 12.5 MG / metformin hydrochloride 1000 MG [Kazano],SBDC,
Antidiabetics,DPP4 Inhibitors,alogliptin,1368394,alogliptin 12.5 MG / metformin hydrochloride 500 MG [Kazano],SBDC,
Antidiabetics,DPP4 Inhibitors,alogliptin,1368405,alogliptin 12.5 MG / pioglitazone 15 MG [Oseni],SBDC,
Antidiabetics,DPP4 Inhibitors,alogliptin,1368412,alogliptin 12.5 MG / pioglitazone 30 MG [Oseni],SBDC,
Antidiabetics,DPP4 Inhibitors,alogliptin,1368419,alogliptin 12.5 MG / pioglitazone 45 MG [Oseni],SBDC,
Antidiabetics,DPP4 Inhibitors,alogliptin,1368426,alogliptin 25 MG / pioglitazone 15 MG [Oseni],SBDC,
Antidiabetics,DPP4 Inhibitors,alogliptin,1368433,alogliptin 25 MG / pioglitazone 30 MG [Oseni],SBDC,
Antidiabetics,DPP4 Inhibitors,alogliptin,1368440,alogliptin 25 MG / pioglitazone 45 MG [Oseni],SBDC,
Antidiabetics,DPP4 Inhibitors,alogliptin,1368009,alogliptin Oral Tablet [Nesina],SBDF,
Antidiabetics,DPP4 Inhibitors,alogliptin,1368395,alogliptin / metformin Oral Tablet [Kazano],SBDF,
Antidiabetics,DPP4 Inhibitors,alogliptin,1368434,alogliptin / pioglitazone Oral Tablet [Oseni],SBDF,
Antidiabetics,DPP4 Inhibitors,alogliptin,1368010,Nesina Oral Product,SBDG,
Antidiabetics,DPP4 Inhibitors,alogliptin,1368011,Nesina Pill,SBDG,
Antidiabetics,DPP4 Inhibitors,alogliptin,1368396,Kazano Oral Product,SBDG,
Antidiabetics,DPP4 Inhibitors,alogliptin,1368397,Kazano Pill,SBDG,
Antidiabetics,DPP4 Inhibitors,alogliptin,1368435,Oseni Oral Product,SBDG,
Antidiabetics,DPP4 Inhibitors,alogliptin,1368436,Oseni Pill,SBDG,
Antidiabetics,DPP4 Inhibitors,alogliptin,1368006,alogliptin 25 MG Oral Tablet,SCD,45802015065
Antidiabetics,DPP4 Inhibitors,alogliptin,1368006,alogliptin 25 MG Oral Tablet,SCD,50090557400
Antidiabetics,DPP4 Inhibitors,alogliptin,1368006,alogliptin 25 MG Oral Tablet,SCD,70518397600
Antidiabetics,DPP4 Inhibitors,alogliptin,1368006,alogliptin 25 MG Oral Tablet,SCD,71610030009
Antidiabetics,DPP4 Inhibitors,alogliptin,1368006,alogliptin 25 MG Oral Tablet,SCD,71610030018
Antidiabetics,DPP4 Inhibitors,alogliptin,1368006,alogliptin 25 MG Oral Tablet,SCD,71610030060
Antidiabetics,DPP4 Inhibitors,alogliptin,1368018,alogliptin 6.25 MG Oral Tablet,SCD,45802008765
Antidiabetics,DPP4 Inhibitors,alogliptin,1368034,alogliptin 12.5 MG Oral Tablet,SCD,45802010365
Antidiabetics,DPP4 Inhibitors,alogliptin,1368034,alogliptin 12.5 MG Oral Tablet,SCD,71610066109
Antidiabetics,DPP4 Inhibitors,alogliptin,1368034,alogliptin 12.5 MG Oral Tablet,SCD,71610066118
Antidiabetics,DPP4 Inhibitors,alogliptin,1368385,alogliptin 12.5 MG / metformin hydrochloride 1000 MG Oral Tablet,SCD,45802021172
Antidiabetics,DPP4 Inhibitors,alogliptin,1368385,alogliptin 12.5 MG / metformin hydrochloride 1000 MG Oral Tablet,SCD,50090599300
Antidiabetics,DPP4 Inhibitors,alogliptin,1368392,alogliptin 12.5 MG / metformin hydrochloride 500 MG Oral Tablet,SCD,45802016972
Antidiabetics,DPP4 Inhibitors,alogliptin,1368403,alogliptin 12.5 MG / pioglitazone 15 MG Oral Tablet,SCD,45802023865
Antidiabetics,DPP4 Inhibitors,alogliptin,1368410,alogliptin 12.5 MG / pioglitazone 30 MG Oral Tablet,SCD,45802026065
Antidiabetics,DPP4 Inhibitors,alogliptin,1368417,alogliptin 12.5 MG / pioglitazone 45 MG Oral Tablet,SCD,45802030465
Antidiabetics,DPP4 Inhibitors,alogliptin,1368424,alogliptin 25 MG / pioglitazone 15 MG Oral Tablet,SCD,45802035165
Antidiabetics,DPP4 Inhibitors,alogliptin,1368431,alogliptin 25 MG / pioglitazone 30 MG Oral Tablet,SCD,45802040265
Antidiabetics,DPP4 Inhibitors,alogliptin,1368438,alogliptin 25 MG / pioglitazone 45 MG Oral Tablet,SCD,45802049965
Antidiabetics,DPP4 Inhibitors,alogliptin,1368002,alogliptin 25 MG,SCDC,
Antidiabetics,DPP4 Inhibitors,alogliptin,1368017,alogliptin 6.25 MG,SCDC,
Antidiabetics,DPP4 Inhibitors,alogliptin,1368033,alogliptin 12.5 MG,SCDC,
Antidiabetics,DPP4 Inhibitors,alogliptin,1368005,alogliptin Oral Tablet,SCDF,
Antidiabetics,DPP4 Inhibitors,alogliptin,1368383,alogliptin / metformin Oral Tablet,SCDF,
Antidiabetics,DPP4 Inhibitors,alogliptin,1368401,alogliptin / pioglitazone Oral Tablet,SCDF,
Antidiabetics,DPP4 Inhibitors,alogliptin,1368003,alogliptin Oral Product,SCDG,
Antidiabetics,DPP4 Inhibitors,alogliptin,1368004,alogliptin Pill,SCDG,
Antidiabetics,DPP4 Inhibitors,alogliptin,1368381,alogliptin / metformin Oral Product,SCDG,
Antidiabetics,DPP4 Inhibitors,alogliptin,1368382,alogliptin / metformin Pill,SCDG,
Antidiabetics,DPP4 Inhibitors,alogliptin,1368399,alogliptin / pioglitazone Oral Product,SCDG,
Antidiabetics,DPP4 Inhibitors,alogliptin,1368400,alogliptin / pioglitazone Pill,SCDG,
